species_or_node,posterior_mean
Sp1.Rumex sanguineus,2.01878382645382
Sp1.Rumex obtusifolius,2.01849308427156
Sp1.Node749,2.01819322692195
Sp1.Rumex conglomeratus,2.01798908626403
Sp1.Node748,2.01782755763731
Sp1.Rumex maritimus,1.77290962087488
Sp1.Rumex pulcher,1.7371103525246
Sp1.Rumex palustris,1.72308780656939
Sp1.Rumex hydrolapathum,1.70709155806721
Sp1.Rumex aquaticus,1.6881220123788
Sp1.Rumex crispus,1.68797955283808
Sp1.Node747,1.68793144798753
Sp1.Node746,1.68777298353942
Sp1.Rumex longifolius,1.6876639609253
Sp1.Node745,1.66522136611958
Sp1.Node744,1.66427163959065
Sp1.Node743,1.66281963279426
Sp1.Node742,1.6622687430646
Sp1.Node741,1.65921115143814
Sp1.Node740,1.65771572849791
Sp1.Rumex alpinus,1.5414924617667
Sp1.Node738,1.30249722717662
Sp1.Epilobium lanceolatum,1.26397924527625
Sp1.Epilobium obscurum,1.2627764930352
Sp1.Epilobium palustre,1.26159848445138
Sp1.Node75,1.26018446916404
Sp1.Epilobium montanum,1.25805121497795
Sp1.Node76,1.24974638926762
Sp1.Epilobium parviflorum,1.24769078164354
Sp1.Node77,1.24671140326991
Sp1.Epilobium hirsutum,1.24580559396594
Sp1.Node74,1.24576767360341
Sp1.Node73,1.24444082350737
Sp1.Node72,1.24430446015997
Sp1.Epilobium tetragonum,1.24425352176831
Sp1.Node70,1.24403696121856
Sp1.Epilobium roseum,1.24376007455512
Sp1.Node69,1.24018318579961
Sp1.Epilobium anagallidifolium,1.23536987612077
Sp1.Node71,1.23445220942153
Sp1.Epilobium alsinifolium,1.23188083743296
Sp1.Dactylorhiza incarnata,1.22892211430661
Sp1.Dactylorhiza praetermissa,1.22885779395649
Sp1.Dactylorhiza fuchsii,1.22856029632424
Sp1.Node1059,1.22852078850164
Sp1.Node1061,1.22850304192016
Sp1.Dactylorhiza trausteinerioides,1.22848589960976
Sp1.Node1060,1.22830112925372
Sp1.Dactylorhiza purpurella,1.22747129774347
Sp1.Dactylorhiza maculata,1.22380779158754
Sp1.Persicaria maculosa,1.22103566986074
Sp1.Node1057,1.21833267162087
Sp1.Node1058,1.21808552694258
Sp1.Dactylorhiza kerryensis,1.21285856836424
Sp1.Persicaria minor,1.20776202314855
Sp1.Node755,1.20764924979379
Sp1.Persicaria mitis,1.2073805211258
Sp1.Circaea lutetiana,1.20726760336506
Sp1.Persicaria hydropiper,1.20576258970449
Sp1.Node1056,1.20556733032269
Sp1.Circaea alpina,1.20284570982664
Sp1.Node78,1.20102004337261
Sp1.Node754,1.19952500786128
Sp1.Node753,1.19800588153738
Sp1.Node752,1.19576535356057
Sp1.Persicaria lapathifolia,1.18312243781896
Sp1.Node739,1.15479129858088
Sp1.Platanthera bifolia,1.13806029031858
Sp1.Node1062,1.13751257713982
Sp1.Platanthera chlorantha,1.1371976666234
Sp1.Rumex acetosella,1.12570872713751
Sp1.Stuckenia filiformis,1.12551655438008
Sp1.Stuckenia pectinata,1.10799137332233
Sp1.Daphne laureola,1.10728595545541
Sp1.Rumex acetosa,1.09995594565677
Sp1.Node1055,1.09336815196215
Sp1.Nuphar lutea,1.09145668030787
Sp1.Daphne mezereum,1.09022750767806
Sp1.Node1109,1.08268393509305
Sp1.Nuphar pumila,1.08162102169915
Sp1.Ophrys apifera,1.07647103731009
Sp1.Ophrys insectifera,1.07309422891201
Sp1.Node64,1.07112567562971
Sp1.Node1101,1.07072519089832
Sp1.Node1054,1.05653108093663
Sp1.Node68,1.0539662277863
Sp1.Node751,1.02418717668676
Sp1.Node1053,0.994864799735317
Sp1.Node1052,0.993104241182595
Sp1.Node1051,0.992341492824762
Sp1.Anacamptis pyramidalis,0.984720950504204
Sp1.Anacamptis morio,0.97877359660933
Sp1.Persicaria amphibia,0.963978910157786
Sp1.Epilobium angustifolium,0.956257782254355
Sp1.Drosera rotundifolia,0.955523764602
Sp1.Node67,0.95340753693117
Sp1.Euphrasia micrantha,0.946266262377016
Sp1.Euphrasia tetraquetra,0.934469857604974
Sp1.Euphrasia ostenfeldii,0.933434697776964
Sp1.Euphrasia foulaensis,0.932722072289032
Sp1.Node515,0.931707967530709
Sp1.Node516,0.931526717752953
Sp1.Euphrasia campbelliae,0.92808987891411
Sp1.Node511,0.926848442030009
Sp1.Node510,0.926723801994006
Sp1.Euphrasia nemorosa,0.926461220862787
Sp1.Node512,0.926352062578006
Sp1.Euphrasia arctica,0.924164849121539
Sp1.Euphrasia pseudokerneri,0.921938142162627
Sp1.Node514,0.921931978579462
Sp1.Node509,0.92075325352023
Sp1.Euphrasia confusa,0.92071030838675
Sp1.Node513,0.920588763259414
Sp1.Euphrasia cambrica,0.919182461624844
Sp1.Node758,0.916142591673613
Sp1.Potamogeton coloratus,0.915353912367175
Sp1.Potamogeton polygonifolius,0.911800996964917
Sp1.Veronica anagallis-aquatica,0.90739529348013
Sp1.Drosera intermedia,0.90554128246712
Sp1.Node757,0.902285918422337
Sp1.Veronica catenata,0.89977930989491
Sp1.Drosera anglica,0.898758765803112
Sp1.Node1100,0.897591436720834
Sp1.Euphrasia rostkoviana,0.891418699517157
Sp1.Node521,0.890601479708964
Sp1.Euphrasia frigida,0.889742571491904
Sp1.Euphrasia scottica,0.885553482424414
Sp1.Node518,0.883563040658881
Sp1.Node519,0.883334826436212
Sp1.Euphrasia anglica,0.882874766186727
Sp1.Node520,0.882596011574013
Sp1.Node508,0.882052931411959
Sp1.Node517,0.881953599529504
Sp1.Euphrasia vigursii,0.881734941575477
Sp1.Node507,0.881124654816782
Sp1.Node506,0.881070434245939
Sp1.Euphrasia rivularis,0.880518782263506
Sp1.Node505,0.880485079101259
Sp1.Euphrasia rotundifolia,0.875095082327638
Sp1.Potamogeton crispus,0.871632645424932
Sp1.Potamogeton perfoliatus,0.867422895784194
Sp1.Potamogeton lucens,0.863621834473864
Sp1.Node1099,0.858747667219594
Sp1.Potamogeton nodosus,0.858194553185866
Sp1.Node1082,0.857067053285564
Sp1.Euphrasia heslop-harrisonii,0.853674559759277
Sp1.Potamogeton alpinus,0.85225653501978
Sp1.Node1083,0.844092516555775
Sp1.Node1085,0.826919152853311
Sp1.Node1084,0.826668874341036
Sp1.Node1086,0.826167042336309
Sp1.Node1087,0.825686282320156
Sp1.Arum maculatum,0.814099341042646
Sp1.Node1106,0.810463475942741
Sp1.Arum italicum,0.806062162148295
Sp1.Potamogeton natans,0.77699117086043
Sp1.Tilia platyphyllos,0.774038463454884
Sp1.Node1098,0.77026988410308
Sp1.Tilia cordata,0.769762115842411
Sp1.Potamogeton praelongus,0.768176526045827
Sp1.Potamogeton gramineus,0.765343233098197
Sp1.Node62,0.763772313289971
Sp1.Node1097,0.753996967410552
Sp1.Node1088,0.749469855575805
Sp1.Node115,0.743199675782525
Sp1.Rosa caesia,0.743145850699357
Sp1.Node116,0.742776199902458
Sp1.Rosa arvensis,0.742754745638249
Sp1.Rosa tomentella,0.742662433620027
Sp1.Rosa canina,0.742506577493356
Sp1.Rosa stylosa,0.742245655901682
Sp1.Node113,0.741021835202026
Sp1.Node114,0.741018165852308
Sp1.Rosa tomentosa,0.739509866971464
Sp1.Node112,0.7395078747326
Sp1.Rosa micrantha,0.739505212988672
Sp1.Rosa mollis,0.738562257332576
Sp1.Node111,0.738438388211462
Sp1.Node110,0.738420252167241
Sp1.Rosa sherardii,0.738370080555594
Sp1.Rosa agrestis,0.738174564127874
Sp1.Node109,0.737237605211755
Sp1.Node108,0.725846101365214
Sp1.Rosa spinosissima,0.705322121067956
Sp1.Erica tetralix,0.701985601006132
Sp1.Node1050,0.699272973295633
Sp1.Node107,0.689020985216212
Sp1.Potamogeton berchtoldii,0.679034934008889
Sp1.Node1089,0.678982669224642
Sp1.Node1090,0.665860644269464
Sp1.Potamogeton acutifolius,0.661315333474328
Sp1.Potamogeton trichoides,0.660881114031393
Sp1.Node1092,0.657148134489848
Sp1.Node1091,0.657011007686403
Sp1.Node1093,0.648626839561947
Sp1.Node541,0.643932371663187
Sp1.Limosella aquatica,0.643884622617528
Sp1.Limosella australis,0.643753615781187
Sp1.Node1094,0.64063839556732
Sp1.Potamogeton friesii,0.639869166501316
Sp1.Potamogeton obtusifolius,0.635021657281328
Sp1.Potamogeton pusillus,0.630738400289198
Sp1.Node1095,0.630241337400603
Sp1.Potamogeton compressus,0.629640401063581
Sp1.Node730,0.627995756977723
Sp1.Node1096,0.621754094637814
Sp1.Erica ciliaris,0.62089060648594
Sp1.Potamogeton rutilus,0.619205053241827
Sp1.Erica vagans,0.616646396154937
Sp1.Potamogeton epihydrus,0.616213379416901
Sp1.Node1063,0.58831922379186
Sp1.Node640,0.587600843842561
Sp1.Linaria repens,0.587541455958423
Sp1.Linaria vulgaris,0.586135596130594
Sp1.Node750,0.584253760767504
Sp1.Node1048,0.58283214674823
Sp1.Node1049,0.581944132817203
Sp1.Neottia nidus-avis,0.579209561534328
Sp1.Spiranthes romanzoffiana,0.575783680796693
Sp1.Spiranthes spiralis,0.573166576553124
Sp1.Node66,0.57077805702573
Sp1.Node572,0.565984677388644
Sp1.Node639,0.54969124269015
Sp1.Node638,0.529271068420553
Sp1.Verbascum nigrum,0.520786905701977
Sp1.Verbascum thapsus,0.515061598503638
Sp1.Node544,0.508689692178083
Sp1.Node1081,0.498952270366044
Sp1.Zostera noltii,0.494557406003008
Sp1.Zostera marina,0.491668878694683
Sp1.Node1102,0.485722989581903
Sp1.Typha latifolia,0.472344925805626
Sp1.Typha angustifolia,0.472019947305014
Sp1.Node1033,0.471863973208315
Sp1.Node58,0.470756329384863
Sp1.Quercus robur,0.457931531069978
Sp1.Node186,0.457368329675673
Sp1.Quercus petraea,0.456801744353821
Sp1.Node558,0.44678095594551
Sp1.Node557,0.446671658451185
Sp1.Node729,0.4465510526061
Sp1.Neottia cordata,0.438250480310268
Sp1.Node1070,0.434005210279252
Sp1.Neottia ovata,0.430451711633031
Sp1.Erica cinerea,0.429855758077349
Sp1.Node1064,0.427630761420603
Sp1.Node57,0.41513824472499
Sp1.Node56,0.414392282947513
Sp1.Node79,0.393207399096193
Sp1.Helianthemum oelandicum,0.380295291576829
Sp1.Veronica serpyllifolia,0.379035099511312
Sp1.Node559,0.375270908589861
Sp1.Lythrum portula,0.37352646342286
Sp1.Node80,0.366812810150994
Sp1.Veronica beccabunga,0.365698716513138
Sp1.Node63,0.3648257010824
Sp1.Node1080,0.360422325396718
Sp1.Node560,0.356619941428298
Sp1.Viola hirta,0.35651094626862
Sp1.Lythrum salicaria,0.354746261320069
Sp1.Papaver rhoeas,0.354285916640598
Sp1.Viola odorata,0.353245128597112
Sp1.Lythrum hyssopifolia,0.352474010777132
Sp1.Betula pubescens,0.346907085638172
Sp1.Node184,0.345520002513075
Sp1.Papaver dubium,0.345043297871537
Sp1.Node185,0.344256491249059
Sp1.Betula pendula,0.342919844982453
Sp1.Betula nana,0.342254740526212
Sp1.Agrimonia procera,0.338192762773833
Sp1.Node105,0.337830328879671
Sp1.Agrimonia eupatoria,0.337719388341723
Sp1.Helianthemum nummularium,0.330964529015827
Sp1.Centaurium pulchellum,0.325863114261878
Sp1.Salix viminalis,0.325402198609377
Sp1.Salix myrsinifolia,0.324618042466224
Sp1.Node293,0.324326704373916
Sp1.Salix repens,0.324010099501795
Sp1.Salix aurita,0.323648347798852
Sp1.Salix myrsinites,0.322666321063877
Sp1.Salix arbuscula,0.322183475551473
Sp1.Node292,0.321226202193075
Sp1.Node291,0.320991563748074
Sp1.Node290,0.320874593273252
Sp1.Node289,0.320718207080894
Sp1.Node288,0.320441838554591
Sp1.Node756,0.320341568991356
Sp1.Node294,0.320071000314687
Sp1.Node295,0.320002410551486
Sp1.Salix purpurea,0.319857463063431
Sp1.Salix herbacea,0.319795797132468
Sp1.Salix cinerea,0.319354477543827
Sp1.Salix lanata,0.319160615065309
Sp1.Node287,0.319042363328468
Sp1.Node286,0.318859739033921
Sp1.Bistorta vivipara,0.318682035089411
Sp1.Salix caprea,0.317237960649137
Sp1.Veronica spicata,0.314500673720292
Sp1.Geranium purpureum,0.312139843609296
Sp1.Bistorta officinalis,0.312040288599715
Sp1.Node542,0.310954766215274
Sp1.Geranium robertianum,0.31089875326568
Sp1.Viola tricolor,0.305693161536365
Sp1.Node300,0.303613283007599
Sp1.Node301,0.303359656615575
Sp1.Node799,0.302055242242809
Sp1.Node94,0.301773266643938
Sp1.Node561,0.30127461789082
Sp1.Node800,0.300172156129652
Sp1.Viola lutea,0.298621632337038
Sp1.Node285,0.298493495451505
Sp1.Node731,0.297769693740146
Sp1.Scutellaria galericulata,0.297683535098595
Sp1.Centaurium littorale,0.296246733221364
Sp1.Viola arvensis,0.295451572481327
Sp1.Node302,0.294476567000976
Sp1.Node297,0.293875669443962
Sp1.Node562,0.293162835488524
Sp1.Salix triandra,0.292447489843725
Sp1.Node296,0.291731429147287
Sp1.Node299,0.291352126316431
Sp1.Node563,0.290477375188303
Sp1.Viola kitaibeliana,0.290363894047637
Sp1.Node298,0.290163634528427
Sp1.Node283,0.287461298689756
Sp1.Scutellaria minor,0.286998608849361
Sp1.Alisma plantago-aquatica,0.285897929373153
Sp1.Node491,0.284894457368404
Sp1.Centaurium erythraea,0.282663561005923
Sp1.Node564,0.282092506864859
Sp1.Geum urbanum,0.281756121231872
Sp1.Veronica agrestis,0.280725396852929
Sp1.Alisma lanceolatum,0.280260953945757
Sp1.Node732,0.280026719403245
Sp1.Node139,0.279045656718226
Sp1.Node584,0.278004825976087
Sp1.Viola rupestris,0.277376827673394
Sp1.Viola canina,0.277294695746969
Sp1.Fallopia dumetorum,0.276247126193062
Sp1.Node565,0.275493546792631
Sp1.Geum rivale,0.275227951628163
Sp1.Node305,0.275086668900565
Sp1.Malva neglecta,0.274343088197219
Sp1.Node582,0.274289062068144
Sp1.Malva sylvestris,0.273915779353635
Sp1.Node60,0.273663683037292
Sp1.Node583,0.273547174025645
Sp1.Node1077,0.273034345087298
Sp1.Node1076,0.273025418462013
Sp1.Viola riviniana,0.272600280892879
Sp1.Node61,0.272587038092781
Sp1.Viola reichenbachiana,0.272426414580027
Sp1.Node303,0.27238105921815
Sp1.Node306,0.271509619503385
Sp1.Node540,0.270898883848086
Sp1.Node307,0.270867611642947
Sp1.Viola lactea,0.270678310747063
Sp1.Node1079,0.270382010003076
Sp1.Malva arborea,0.270343302084603
Sp1.Node304,0.270312455618908
Sp1.Node59,0.270030108134869
Sp1.Veronica fruticans,0.268203396493413
Sp1.Viola stagnina,0.267673221682604
Sp1.Veronica hederifolia,0.266335332662637
Sp1.Salix alba,0.26498995722779
Sp1.Node566,0.263276353192624
Sp1.Node284,0.262672353453619
Sp1.Centaurium portense,0.262138677069493
Sp1.Alisma gramineum,0.261495677444424
Sp1.Triglochin maritima,0.26079128780196
Sp1.Papaver somniferum,0.260771520725786
Sp1.Node581,0.260739334094498
Sp1.Salix pentandra,0.260579471208989
Sp1.Node1104,0.259505041514805
Sp1.Fallopia convolvulus,0.256621998054862
Sp1.Viola palustris,0.25257130894873
Sp1.Centaurium tenuiflorum,0.250860841473356
Sp1.Node504,0.249463615523668
Sp1.Veronica arvensis,0.248712007507423
Sp1.Node567,0.247535132436682
Sp1.Node1078,0.243543061283674
Sp1.Malva moschata,0.242442095266636
Sp1.Veronica verna,0.239994048255391
Sp1.Triglochin palustris,0.237649143817544
Sp1.Sparganium emersum,0.234424479983005
Sp1.Juncus inflexus,0.232741246085481
Sp1.Najas flexilis,0.232336519571606
Sp1.Veronica chamaedrys,0.229417736725565
Sp1.Sparganium angustifolium,0.229372041705703
Sp1.Node1032,0.229156515295086
Sp1.Node1029,0.225329095153061
Sp1.Node1075,0.22472896001348
Sp1.Node1074,0.22436042603587
Sp1.Najas marina,0.223042761190143
Sp1.Node1065,0.220827337754057
Sp1.Ajuga reptans,0.21528046080267
Sp1.Node473,0.213414383143861
Sp1.Node568,0.212932411889117
Sp1.Ajuga pyramidalis,0.212647107555488
Sp1.Epipactis palustris,0.209812559753254
Sp1.Puccinellia distans,0.20348221695846
Sp1.Juncus effusus,0.202132411432826
Sp1.Veronica scutellata,0.197915507528723
Sp1.Mentha suaveolens,0.191206854746968
Sp1.Mentha spicata,0.191200099845451
Sp1.Node543,0.190529625629573
Sp1.Node1031,0.190476024405013
Sp1.Mentha aquatica,0.190170150412257
Sp1.Puccinellia rupestris,0.189487228945208
Sp1.Mentha arvensis,0.188068130297561
Sp1.Node1020,0.187557024981243
Sp1.Node496,0.187257668908859
Sp1.Node497,0.186629686126513
Sp1.Node495,0.186476758012961
Sp1.Node498,0.186140925050593
Sp1.Puccinellia maritima,0.185635305762384
Sp1.Node1030,0.18184978269291
Sp1.Node830,0.180658351565825
Sp1.Node724,0.180513621370898
Sp1.Node829,0.179931774936401
Sp1.Mentha pulegium,0.178517024048539
Sp1.Epipactis helleborine,0.178495326246956
Sp1.Scrophularia auriculata,0.178483640258616
Sp1.Papaver cambricum,0.177637946033459
Sp1.Node1066,0.176856497138467
Sp1.Juncus conglomeratus,0.176363170696343
Sp1.Epipactis atrorubens,0.175611776236985
Sp1.Node1067,0.174732260493537
Sp1.Epipactis leptochila,0.174640887784339
Sp1.Node1068,0.173597054932793
Sp1.Node828,0.173417908187941
Sp1.Node1069,0.172582003130584
Sp1.Sparganium natans,0.171888030062672
Sp1.Node1019,0.170978940168766
Sp1.Rubus caesius,0.169893522022893
Sp1.Node1105,0.169049355558283
Sp1.Epipactis dunensis,0.168863304019197
Sp1.Node571,0.168738783255592
Sp1.Epipactis phyllanthes,0.168209691729593
Sp1.Puccinellia fasciculata,0.166614540449822
Sp1.Scrophularia nodosa,0.163359473197338
Sp1.Erodium aethiopicum,0.152855254191402
Sp1.Node84,0.1527354865782
Sp1.Erodium cicutarium,0.152596710502128
Sp1.Node472,0.150482090038749
Sp1.Node522,0.144065537966634
Sp1.Node796,0.143590770767935
Sp1.Node797,0.143029035267118
Sp1.Sparganium erectum,0.137787771637234
Sp1.Rubus idaeus,0.13029463520926
Sp1.Melampyrum pratense,0.127328232704249
Sp1.Limonium vulgare,0.126885479946598
Sp1.Limonium humile,0.126658627960053
Sp1.Node183,0.126610872293981
Sp1.Node728,0.12655047918661
Sp1.Node141,0.125013183808854
Sp1.Node83,0.123041078566746
Sp1.Node570,0.121291165215963
Sp1.Node569,0.12107421748006
Sp1.Node552,0.120437267333831
Sp1.Koeleria vallesiana,0.12007280277276
Sp1.Node93,0.118886112140537
Sp1.Node142,0.118646521481593
Sp1.Vaccinium vitis-idaea,0.118537568746845
Sp1.Ajuga chamaepitys,0.118163244637238
Sp1.Melampyrum sylvaticum,0.116619591341567
Sp1.Koeleria macrantha,0.115638215119433
Sp1.Veronica alpina,0.114654929792838
Sp1.Node523,0.112882513657061
Sp1.Erodium moschatum,0.111495677831266
Sp1.Node493,0.111367501854792
Sp1.Veronica montana,0.110097193958819
Sp1.Geranium lucidum,0.109736516937039
Sp1.Node822,0.108228284165332
Sp1.Melampyrum cristatum,0.10631846871034
Sp1.Juncus balticus,0.103881780130279
Sp1.Vaccinium myrtillus,0.101968972783778
Sp1.Node82,0.101795243841539
Sp1.Sanguisorba officinalis,0.100028927734897
Sp1.Galeopsis bifida,0.0991437158655014
Sp1.Veronica officinalis,0.0984396881945437
Sp1.Clinopodium acinos,0.09771148326975
Sp1.Galeopsis tetrahit,0.0975371696219534
Sp1.Rubus saxatilis,0.095050935966395
Sp1.Node494,0.094239328625095
Sp1.Node104,0.089792364834493
Sp1.Erodium maritimum,0.0890854641759015
Sp1.Node106,0.0883354457079527
Sp1.Node140,0.0823026823641148
Sp1.Juncus gerardii,0.0821170477794273
Sp1.Clinopodium vulgare,0.0814492317954368
Sp1.Juncus compressus,0.0803907217052014
Sp1.Node471,0.0794288943279067
Sp1.Node1017,0.0793690794397302
Sp1.Node1018,0.0791161810798526
Sp1.Node1016,0.0771447104816587
Sp1.Teucrium scordium,0.0753192642790296
Sp1.Euphorbia paralias,0.0741671170145113
Sp1.Euphorbia portlandica,0.0733841643917474
Sp1.Teucrium scorodonia,0.0728051676182325
Sp1.Node261,0.0725972990215535
Sp1.Node474,0.0712186741797588
Sp1.Node546,0.0661434116196676
Sp1.Node485,0.0636524347135464
Sp1.Rubus chamaemorus,0.0630291104388761
Sp1.Node484,0.062263525639036
Sp1.Rorippa palustris,0.0620626150807514
Sp1.Rorippa amphibia,0.0611547711628399
Sp1.Node43,0.061095189120035
Sp1.Rorippa sylvestris,0.0609703057943588
Sp1.Node723,0.0578172722767758
Sp1.Node545,0.0566308721080802
Sp1.Sanguisorba minor,0.0549754875096585
Sp1.Juncus filiformis,0.0538391078183822
Sp1.Node1073,0.0517102101292909
Sp1.Node42,0.0510280743944478
Sp1.Roemeria hispida,0.0499627832360143
Sp1.Node634,0.0498098666668518
Sp1.Node635,0.0495141822014795
Sp1.Node798,0.0492647307306863
Sp1.Galeopsis speciosa,0.0486164175690163
Sp1.Node85,0.0482001640796237
Sp1.Node81,0.0445739403195117
Sp1.Node503,0.044544245978615
Sp1.Node633,0.043595105873565
Sp1.Roemeria argemone,0.0423165375109602
Sp1.Saxifraga tridactylites,0.0421904002120889
Sp1.Node524,0.0395761534323499
Sp1.Node636,0.0391765788453754
Sp1.Node469,0.0353214773726493
Sp1.Node470,0.0327778255073316
Sp1.Node1015,0.0268584210982182
Sp1.Node468,0.0257007892215037
Sp1.Potentilla anglica,0.0256782361554321
Sp1.Potentilla reptans,0.0256106738009699
Sp1.Node135,0.0255398639455613
Sp1.Node9,0.0215957121885878
Sp1.Fumaria officinalis,0.0215032906069154
Sp1.Node465,0.018960480794518
Sp1.Node644,0.0183736645816169
Sp1.Holcus lanatus,0.0178683429656469
Sp1.Node464,0.0163148255307311
Sp1.Node725,0.0149626134024247
Sp1.Node482,0.0136516490851758
Sp1.Node467,0.0130998462685445
Sp1.Node466,0.0125154865073287
Sp1.Node874,0.00951037379066476
Sp1.Holcus mollis,0.0069708532445308
Sp1.Stachys officinalis,0.00334509532230363
Sp1.Gentianella germanica,0.00321171195030103
Sp1.Node802,0.00243968368373425
Sp1.Gentianella amarella,0.00169262404478617
Sp1.Potentilla erecta,0.00157394709690365
Sp1.Node637,-0.000981897722459257
Sp1.Node795,-0.00271641288925714
Sp1.Node588,-0.00306388629365489
Sp1.Node589,-0.00325791993185366
Sp1.Vaccinium oxycoccos,-0.00601768431239415
Sp1.Vaccinium uliginosum,-0.00686554187482892
Sp1.Node532,-0.0078877487152427
Sp1.Stachys palustris,-0.00920035537335026
Sp1.Stachys sylvatica,-0.0093508112194489
Sp1.Node490,-0.00938620882650619
Sp1.Vaccinium microcarpum,-0.0105959974581445
Sp1.Node103,-0.0113851476360491
Sp1.Node134,-0.0122151730015052
Sp1.Node791,-0.0128038343753445
Sp1.Fumaria densiflora,-0.0129124110037578
Sp1.Fumaria parviflora,-0.0132427177870241
Sp1.Node790,-0.0134638982429675
Sp1.Fumaria bastardii,-0.0135043225704947
Sp1.Node2,-0.0143374590707005
Sp1.Node492,-0.0150038734912238
Sp1.Node788,-0.0150048973086804
Sp1.Fumaria muralis,-0.0156303475203136
Sp1.Fumaria vaillantii,-0.0168379893605929
Sp1.Pedicularis sylvatica,-0.018327327216254
Sp1.Node789,-0.0200757622681623
Sp1.Node787,-0.0213499139325732
Sp1.Gentianella campestris,-0.0224460177203295
Sp1.Kickxia elatine,-0.0237512027091847
Sp1.Node3,-0.0243310100152936
Sp1.Cirsium palustre,-0.0254436838024524
Sp1.Cirsium acaule,-0.0260780217042292
Sp1.Cirsium tuberosum,-0.0265230432133705
Sp1.Node475,-0.0265515573495116
Sp1.Node486,-0.0274335622663589
Sp1.Node86,-0.0286509903685974
Sp1.Node476,-0.0294716538765385
Sp1.Cirsium vulgare,-0.0309182210106955
Sp1.Kickxia spuria,-0.0311520249709383
Sp1.Node381,-0.0313857666966938
Sp1.Node382,-0.0315967662559853
Sp1.Node380,-0.0328038833534384
Sp1.Node379,-0.0328396405267196
Sp1.Catapodium rigidum,-0.0338127655488757
Sp1.Ceratophyllum submersum,-0.0338250335069176
Sp1.Node377,-0.0343880779038597
Sp1.Cirsium arvense,-0.0344500015664045
Sp1.Cirsium dissectum,-0.0345352293767083
Sp1.Node378,-0.0346668332498563
Sp1.Node573,-0.0347645436673679
Sp1.Cirsium heterophyllum,-0.0353982449711455
Sp1.Galeopsis ladanum,-0.0355746525572918
Sp1.Node483,-0.0365350922838785
Sp1.Catapodium marinum,-0.0366626361144748
Sp1.Euphorbia exigua,-0.0367485771419404
Sp1.Ruppia maritima,-0.0369361751896287
Sp1.Node489,-0.0369512342338799
Sp1.Node65,-0.0372345639289838
Sp1.Node1103,-0.0374292324450427
Sp1.Galeopsis segetum,-0.0374341248751243
Sp1.Node260,-0.0374814214026319
Sp1.Node259,-0.0375986552123802
Sp1.Pedicularis palustris,-0.0377874253143387
Sp1.Node792,-0.0382269662687596
Sp1.Ceratophyllum demersum,-0.0388547900494049
Sp1.Node801,-0.0403692364951862
Sp1.Node580,-0.0420820404050955
Sp1.Node858,-0.0436836142187238
Sp1.Node258,-0.0452589560628366
Sp1.Ruppia spiralis,-0.0452817845462787
Sp1.Node50,-0.0498184614117728
Sp1.Nasturtium officinale,-0.0502058889529504
Sp1.Nasturtium microphyllum,-0.0503401121970028
Sp1.Node138,-0.0518474495196226
Sp1.Stachys arvensis,-0.0522848663288927
Sp1.Node499,-0.0523110313869222
Sp1.Carduus crispus,-0.0524282002998039
Sp1.Geranium molle,-0.0539374977589567
Sp1.Carduus nutans,-0.0544774185782834
Sp1.Node375,-0.0567492474905049
Sp1.Arctium lappa,-0.0568026089361344
Sp1.Saxifraga hypnoides,-0.0572954609826988
Sp1.Plantago lanceolata,-0.0575758227867637
Sp1.Node553,-0.0577007283110254
Sp1.Node487,-0.0590563910884239
Sp1.Node92,-0.0596598596075223
Sp1.Arctium minus,-0.0607317969720006
Sp1.Euphorbia amygdaloides,-0.060851644385324
Sp1.Node4,-0.0619480778985856
Sp1.Node370,-0.0621966068916915
Sp1.Euphorbia peplus,-0.0624281893814815
Sp1.Node374,-0.0624466190344415
Sp1.Cardamine hirsuta,-0.0628442367161006
Sp1.Cirsium eriophorum,-0.0630931733558603
Sp1.Node8,-0.0646103832914557
Sp1.Node376,-0.0673294564685468
Sp1.Node373,-0.067959725236147
Sp1.Node793,-0.0684514615317773
Sp1.Node555,-0.0685910374620634
Sp1.Node585,-0.0690400245644339
Sp1.Node547,-0.0697793008605793
Sp1.Carduus tenuiflorus,-0.0721925464606437
Sp1.Geranium pusillum,-0.0740629297438584
Sp1.Node554,-0.0741374715202329
Sp1.Fumaria occidentalis,-0.0754932858873244
Sp1.Node859,-0.0755185734631705
Sp1.Node794,-0.0761589786004829
Sp1.Fumaria purpurea,-0.0762043653547446
Sp1.Plantago maritima,-0.0766593684589004
Sp1.Fumaria capreolata,-0.0768528523462008
Sp1.Node281,-0.0772109072435999
Sp1.Node41,-0.0785159484293977
Sp1.Node857,-0.0793120703736883
Sp1.Parapholis incurva,-0.0798550922290866
Sp1.Node318,-0.0812576322270269
Sp1.Parapholis strigosa,-0.0815531823140296
Sp1.Node548,-0.0818460388900124
Sp1.Node549,-0.0819779992429735
Sp1.Node7,-0.082931155739043
Sp1.Callitriche platycarpa,-0.0841806474105978
Sp1.Node550,-0.0847362117961113
Sp1.Node826,-0.0847732706157082
Sp1.Callitriche obtusangula,-0.0878275687607729
Sp1.Alopecurus geniculatus,-0.0882202062450681
Sp1.Node1034,-0.0889740963050911
Sp1.Callitriche brutia,-0.0913918529928588
Sp1.Rorippa islandica,-0.0931113960453561
Sp1.Node556,-0.095760599015274
Sp1.Node488,-0.0961753090072637
Sp1.Plantago coronopus,-0.0962110145788259
Sp1.Callitriche stagnalis,-0.0969392642136973
Sp1.Poa annua,-0.0989602379775847
Sp1.Stachys germanica,-0.0990736960567656
Sp1.Node319,-0.0998856804706686
Sp1.Alopecurus bulbosus,-0.100149821826237
Sp1.Node803,-0.101311903608692
Sp1.Stachys alpina,-0.101386160435607
Sp1.Atriplex littoralis,-0.102403487977516
Sp1.Gentiana pneumonanthe,-0.102759126284247
Sp1.Node1011,-0.102850891807424
Sp1.Node102,-0.103698913646225
Sp1.Node1107,-0.10377260104016
Sp1.Callitriche hermaphroditica,-0.104290609995864
Sp1.Node835,-0.104537967366197
Sp1.Alopecurus pratensis,-0.104572681665184
Sp1.Node586,-0.104579874169121
Sp1.Node551,-0.104855759654367
Sp1.Plantago major,-0.106023337374037
Sp1.Atriplex longipes,-0.106333721553812
Sp1.Node707,-0.106427639121541
Sp1.Atriplex patula,-0.106582583043856
Sp1.Node101,-0.107071642048382
Sp1.Gentiana verna,-0.109328378120398
Sp1.Node87,-0.109664445653931
Sp1.Poa infirma,-0.110232059132383
Sp1.Plantago media,-0.11045313419405
Sp1.Alopecurus aequalis,-0.110662609060688
Sp1.Node804,-0.111194857770402
Sp1.Callitriche truncata,-0.111513123516261
Sp1.Node333,-0.111643427396362
Sp1.Node257,-0.112303414625085
Sp1.Elymus athericus,-0.113492353682781
Sp1.Node5,-0.113978533415732
Sp1.Node587,-0.114177217459924
Sp1.Node88,-0.114299887077476
Sp1.Gentiana nivalis,-0.114774509875177
Sp1.Geranium dissectum,-0.115366595482366
Sp1.Lemna gibba,-0.115496166979399
Sp1.Node6,-0.117490200568824
Sp1.Node833,-0.118060116973774
Sp1.Node834,-0.120851025206937
Sp1.Limonium procerum,-0.121551603401007
Sp1.Limonium recurvum,-0.12206410948625
Sp1.Atriplex glabriuscula,-0.12227374279244
Sp1.Node726,-0.122395699024142
Sp1.Node727,-0.122566534280454
Sp1.Limonium binervosum,-0.12273650032277
Sp1.Node827,-0.123692596346167
Sp1.Primula elatior,-0.123958821666298
Sp1.Primula vulgaris,-0.124341366531049
Sp1.Node631,-0.124362911561551
Sp1.Node256,-0.124771354991624
Sp1.Cardamine flexuosa,-0.125579515187713
Sp1.Node852,-0.125919068582678
Sp1.Node502,-0.126385062017971
Sp1.Elymus junceiformis,-0.12748067805727
Sp1.Elymus repens,-0.129358107786718
Sp1.Node706,-0.129687255931319
Sp1.Node705,-0.130023272031009
Sp1.Node89,-0.130474918116713
Sp1.Node320,-0.130685597015373
Sp1.Node133,-0.130829257932572
Sp1.Node704,-0.131151040187649
Sp1.Geranium columbinum,-0.131721680845544
Sp1.Silene latifolia,-0.132040244416195
Sp1.Node630,-0.132866915322787
Sp1.Alopecurus magellanicus,-0.132965740416157
Sp1.Node280,-0.133121727131239
Sp1.Primula veris,-0.133228146948807
Sp1.Mercurialis annua,-0.133229839443695
Sp1.Node825,-0.133478687899811
Sp1.Node255,-0.133893699046107
Sp1.Euphorbia peplis,-0.134265683364531
Sp1.Node881,-0.1343214322372
Sp1.Salvia pratensis,-0.134536003022357
Sp1.Node880,-0.134780110142793
Sp1.Node879,-0.134793424877142
Sp1.Saxifraga rosacea,-0.135113309106276
Sp1.Node48,-0.135476079409598
Sp1.Helictotrichon pubescens,-0.135505189086152
Sp1.Saxifraga cespitosa,-0.136051848419905
Sp1.Node49,-0.136521237885008
Sp1.Silene uniflora,-0.136595441342372
Sp1.Aira praecox,-0.136648812417922
Sp1.Node321,-0.136712982767458
Sp1.Silene vulgaris,-0.137343277320745
Sp1.Node132,-0.137579981907862
Sp1.Saxifraga granulata,-0.137642687738782
Sp1.Geranium rotundifolium,-0.138011130932037
Sp1.Node660,-0.138018759271411
Sp1.Node279,-0.138198420898587
Sp1.Salvia verbenaca,-0.138389398718444
Sp1.Node368,-0.139595300126278
Sp1.Node369,-0.139762003480962
Sp1.Node91,-0.14083078578926
Sp1.Aira caryophyllea,-0.141442467485076
Sp1.Leontodon saxatilis,-0.141676986991865
Sp1.Silene dioica,-0.141776904729188
Sp1.Node47,-0.142222602094617
Sp1.Node90,-0.142241570557612
Sp1.Cardamine pratensis,-0.142966380888469
Sp1.Geranium sanguineum,-0.143958912824696
Sp1.Node316,-0.144098831703008
Sp1.Euphorbia lathyris,-0.144452814747876
Sp1.Leontodon hispidus,-0.146115919380459
Sp1.Geranium pratense,-0.146595617369487
Sp1.Node659,-0.146614741004234
Sp1.Atriplex nudicaulis,-0.147477433588399
Sp1.Node46,-0.147537308605761
Sp1.Node45,-0.147937772560068
Sp1.Node44,-0.148041877009807
Sp1.Briza media,-0.149057480335957
Sp1.Lamium confertum,-0.149635096362626
Sp1.Node759,-0.149686787656256
Sp1.Node855,-0.150841369636924
Sp1.Node854,-0.151175873746328
Sp1.Node315,-0.151193114581448
Sp1.Node314,-0.151572676945499
Sp1.Node853,-0.151607515779644
Sp1.Euphorbia helioscopia,-0.152188029250051
Sp1.Cardamine amara,-0.152527102848374
Sp1.Node477,-0.154027925364399
Sp1.Node480,-0.154043625049769
Sp1.Node478,-0.154048705168044
Sp1.Node479,-0.154109231028053
Sp1.Helictotrichon pratense,-0.154441429382394
Sp1.Node265,-0.154812869493075
Sp1.Node823,-0.154918177971796
Sp1.Node824,-0.155034106951217
Sp1.Geranium sylvaticum,-0.155784091697797
Sp1.Node821,-0.156139268747884
Sp1.Node262,-0.156375501710079
Sp1.Node481,-0.156544752156688
Sp1.Spergularia marina,-0.157994134796565
Sp1.Node252,-0.158387401618657
Sp1.Briza minor,-0.15868532357449
Sp1.Node810,-0.15884949190673
Sp1.Saxifraga hirculus,-0.159378923468525
Sp1.Node275,-0.159556000793317
Sp1.Elymus caninus,-0.159751086542109
Sp1.Lamium album,-0.161354115173551
Sp1.Node40,-0.162539557811469
Sp1.Node276,-0.163377498728767
Sp1.Node703,-0.163516827936146
Sp1.Mercurialis perennis,-0.163898610429645
Sp1.Linum catharticum,-0.165122012140826
Sp1.Node277,-0.165903341944569
Sp1.Linum bienne,-0.166420356116353
Sp1.Lamium amplexicaule,-0.166524256163545
Sp1.Node317,-0.166716115523959
Sp1.Centaurea calcitrapa,-0.168810183580974
Sp1.Lamium galeobdolon,-0.169224944342056
Sp1.Cardamine impatiens,-0.17054905573934
Sp1.Node371,-0.170975550681581
Sp1.Node533,-0.172862159594981
Sp1.Saxifraga oppositifolia,-0.173482127964385
Sp1.Node254,-0.173737046371677
Sp1.Node372,-0.173925213481277
Sp1.Node836,-0.174002019302985
Sp1.Cardamine bulbifera,-0.174183388353647
Sp1.Lamium hybridum,-0.174925929573927
Sp1.Centaurea nigra,-0.176277876992272
Sp1.Node733,-0.176305986916745
Sp1.Node805,-0.178099681382688
Sp1.Node364,-0.178468005865232
Sp1.Node253,-0.179561933406495
Sp1.Saxifraga aizoides,-0.179794703942699
Sp1.Node809,-0.180912303799723
Sp1.Node131,-0.182724814003381
Sp1.Linum radiola,-0.182890459840488
Sp1.Node832,-0.183881928661445
Sp1.Node95,-0.184126389956795
Sp1.Atriplex laciniata,-0.184940816110451
Sp1.Node309,-0.185342604769811
Sp1.Euphorbia hyberna,-0.185741208570053
Sp1.Node734,-0.185970486943271
Sp1.Polygonum depressum,-0.188912655617132
Sp1.Polygonum oxyspermum,-0.189000262914375
Sp1.Centaurea scabiosa,-0.189822162189818
Sp1.Lamium purpureum,-0.190052521615927
Sp1.Node278,-0.191170926191317
Sp1.Node856,-0.193140769261291
Sp1.Potentilla sterilis,-0.193938541453317
Sp1.Potentilla anserina,-0.194041710879966
Sp1.Linum perenne,-0.195622023838479
Sp1.Node658,-0.196214869545868
Sp1.Node263,-0.197513396131144
Sp1.Node831,-0.199674287980621
Sp1.Node702,-0.200983171520123
Sp1.Node697,-0.20149677086549
Sp1.Node1012,-0.201585391822358
Sp1.Silene conica,-0.204552310359271
Sp1.Node657,-0.205454893773187
Sp1.Juncus squarrosus,-0.20632552411063
Sp1.Node136,-0.207130207979619
Sp1.Spergularia rupicola,-0.207284694842765
Sp1.Node322,-0.207497801253737
Sp1.Node1010,-0.207787346824046
Sp1.Alopecurus myosuroides,-0.208339224284334
Sp1.Saxifraga cernua,-0.208518051328215
Sp1.Node698,-0.209349755022596
Sp1.Saxifraga rivularis,-0.20945024286885
Sp1.Spergularia media,-0.209628209041868
Sp1.Atriplex portulacoides,-0.209680204302357
Sp1.Potentilla argentea,-0.210261126085635
Sp1.Node264,-0.212003661511516
Sp1.Euphorbia stricta,-0.212061059395726
Sp1.Euphorbia platyphyllos,-0.212239577268213
Sp1.Node1013,-0.215692451755407
Sp1.Node137,-0.21576638376079
Sp1.Juncus pygmaeus,-0.215848181470579
Sp1.Potentilla neumanniana,-0.219396014238561
Sp1.Node806,-0.219915431294269
Sp1.Schoenoplectus triqueter,-0.219984435468376
Sp1.Schoenoplectus tabernaemontani,-0.22000436162042
Sp1.Node989,-0.220068489215483
Sp1.Node100,-0.22150950514274
Sp1.Chrysosplenium oppositifolium,-0.222692033661324
Sp1.Potentilla crantzii,-0.222897386052351
Sp1.Juncus bufonius,-0.224208396785106
Sp1.Node837,-0.229454253451736
Sp1.Node988,-0.231170887806419
Sp1.Node1014,-0.231992716709234
Sp1.Schoenoplectus lacustris,-0.232090453980348
Sp1.Node864,-0.234090710573686
Sp1.Schedonorus pratensis,-0.234320580860632
Sp1.Schedonorus giganteus,-0.234416945875274
Sp1.Juncus ranarius,-0.234545170446346
Sp1.Node656,-0.234967043267783
Sp1.Schedonorus arundinaceus,-0.235312450496431
Sp1.Node117,-0.235671720013713
Sp1.Micranthes stellaris,-0.2361605218818
Sp1.Node842,-0.236874363528789
Sp1.Node735,-0.237008574680851
Sp1.Node863,-0.238583562332446
Sp1.Polygonum aviculare,-0.238827065526221
Sp1.Juncus foliosus,-0.239299585294201
Sp1.Polygonum maritimum,-0.240342352324026
Sp1.Polygonum boreale,-0.240384489063797
Sp1.Polygonum rurivagum,-0.240419519823437
Sp1.Node737,-0.240431401338844
Sp1.Node736,-0.240566059517786
Sp1.Agrostis capillaris,-0.241309590246731
Sp1.Node312,-0.244633401824906
Sp1.Glyceria fluitans,-0.245951405786498
Sp1.Node895,-0.246079793432498
Sp1.Silene noctiflora,-0.24697959254435
Sp1.Node1108,-0.247798828195106
Sp1.Glyceria declinata,-0.248522260713919
Sp1.Node878,-0.248815900174937
Sp1.Lemna minor,-0.249017364492685
Sp1.Poa alpina,-0.250135030338096
Sp1.Node696,-0.253945349986282
Sp1.Glyceria notata,-0.257979950748136
Sp1.Node10,-0.260468034572176
Sp1.Spergularia rubra,-0.260569313496449
Sp1.Node628,-0.260633839343853
Sp1.Node324,-0.26108801822139
Sp1.Node811,-0.262774205731024
Sp1.Node367,-0.263480858344516
Sp1.Micranthes nivalis,-0.263565161867518
Sp1.Sonchus asper,-0.263822352541382
Sp1.Sonchus oleraceus,-0.264113052348726
Sp1.Node812,-0.264722280047198
Sp1.Node894,-0.26492879691523
Sp1.Chrysosplenium alternifolium,-0.264987533252144
Sp1.Node844,-0.266238831867387
Sp1.Lemna trisulca,-0.266267241827285
Sp1.Node311,-0.266551349184827
Sp1.Node860,-0.267417371530064
Sp1.Node313,-0.267584445296333
Sp1.Node323,-0.267873064794621
Sp1.Node327,-0.26825055965897
Sp1.Hordeum murinum,-0.268374141126403
Sp1.Node882,-0.268586608112748
Sp1.Node645,-0.268610219425086
Sp1.Node632,-0.269002983341226
Sp1.Agrostis gigantea,-0.269731472554164
Sp1.Agrostis stolonifera,-0.269787548010048
Sp1.Node816,-0.270022352057822
Sp1.Hordeum marinum,-0.272052328897102
Sp1.Node813,-0.273661237755911
Sp1.Node875,-0.274603967440435
Sp1.Node96,-0.27570586417748
Sp1.Node97,-0.276199842659993
Sp1.Node883,-0.277745223608164
Sp1.Poa bulbosa,-0.279564511641317
Sp1.Node817,-0.280613706115622
Sp1.Calamagrostis canescens,-0.282054971218814
Sp1.Saxifraga spathularis,-0.282606588049357
Sp1.Thymus serpyllum,-0.284070328896572
Sp1.Node535,-0.284517402428621
Sp1.Node534,-0.284543506223742
Sp1.Node808,-0.285956534795008
Sp1.Node843,-0.286586263519772
Sp1.Node500,-0.286660032278772
Sp1.Node501,-0.287323636690054
Sp1.Hordeum secalinum,-0.288228800467855
Sp1.Thymus pulegioides,-0.288495289087007
Sp1.Node818,-0.2899717984231
Sp1.Node819,-0.291149612804156
Sp1.Node873,-0.291279113398273
Sp1.Pinguicula vulgaris,-0.291797292051807
Sp1.Gagea bohemica,-0.291886401391947
Sp1.Thymus drucei,-0.293835295501256
Sp1.Lolium perenne,-0.294619019053633
Sp1.Pinguicula lusitanica,-0.294937701637031
Sp1.Agrostis curtisii,-0.295836721381091
Sp1.Agrostis vinealis,-0.296159120240789
Sp1.Node815,-0.296368440925882
Sp1.Node282,-0.296627090897443
Sp1.Node814,-0.29668876142027
Sp1.Calamagrostis stricta,-0.296700948837119
Sp1.Agrostis canina,-0.296795439596646
Sp1.Lolium temulentum,-0.297100135857083
Sp1.Node310,-0.297287846537801
Sp1.Node820,-0.297541859583973
Sp1.Calamagrostis scotica,-0.29895537247379
Sp1.Populus tremula,-0.299893136603773
Sp1.Populus nigra,-0.301249387556202
Sp1.Calamagrostis epigejos,-0.301819570039613
Sp1.Pilosella officinarum,-0.30232173487908
Sp1.Calamagrostis purpurea,-0.30299278542349
Sp1.Node415,-0.303514858568532
Sp1.Pilosella peleteriana,-0.304289162254527
Sp1.Pinguicula alpina,-0.306419958871341
Sp1.Node32,-0.30737273948856
Sp1.Node33,-0.307438320216408
Sp1.Hypochaeris glabra,-0.308265087327661
Sp1.Node366,-0.309675247898586
Sp1.Node629,-0.311303744244693
Sp1.Hypochaeris radicata,-0.31133976694213
Sp1.Node34,-0.311768222401114
Sp1.Polygala amarella,-0.311963865854532
Sp1.Node251,-0.311964691967306
Sp1.Polygala vulgaris,-0.31222759829188
Sp1.Node365,-0.312447523832903
Sp1.Node1071,-0.31296331505811
Sp1.Node363,-0.314140362947238
Sp1.Primula farinosa,-0.315859498803991
Sp1.Arabidopsis thaliana,-0.317466545256405
Sp1.Node408,-0.318012325963958
Sp1.Primula scotica,-0.319349240662424
Sp1.Sonchus palustris,-0.319760175776748
Sp1.Node652,-0.321981091835142
Sp1.Node701,-0.322190512509996
Sp1.Node1072,-0.325005246562656
Sp1.Node143,-0.325236290810679
Sp1.Node708,-0.326968984197874
Sp1.Node250,-0.329559067038286
Sp1.Reseda lutea,-0.3298549640994
Sp1.Node893,-0.330427958810326
Sp1.Node55,-0.332238090466526
Sp1.Filipendula ulmaria,-0.332789825973975
Sp1.Node861,-0.336002418458839
Sp1.Node862,-0.336071701578397
Sp1.Node870,-0.336457082648615
Sp1.Gagea lutea,-0.336615332269398
Sp1.Node871,-0.336707770098677
Sp1.Filipendula vulgaris,-0.337308546321186
Sp1.Sonchus arvensis,-0.337314810785142
Sp1.Node653,-0.337866106690645
Sp1.Node414,-0.338590303017914
Sp1.Vulpia bromoides,-0.339800462360663
Sp1.Reseda luteola,-0.34000875492798
Sp1.Node650,-0.342064700559594
Sp1.Node651,-0.342419598511319
Sp1.Silene gallica,-0.343589414971588
Sp1.Polygala serpyllifolia,-0.343658438834863
Sp1.Erysimum cheiri,-0.345240166278446
Sp1.Node35,-0.348215599419827
Sp1.Gagea serotina,-0.348315429391124
Sp1.Node36,-0.349830606645473
Sp1.Silene flos-cuculi,-0.350231871181329
Sp1.Vulpia fasciculata,-0.350795761358521
Sp1.Orobanche minor,-0.351131256807335
Sp1.Ranunculus trichophyllus,-0.351623239198191
Sp1.Erysimum cheiranthoides,-0.351799479882743
Sp1.Ulex gallii,-0.352415378668242
Sp1.Node709,-0.352652627138402
Sp1.Ranunculus fluitans,-0.352700934101265
Sp1.Glyceria maxima,-0.353645036313816
Sp1.Node618,-0.354131709543816
Sp1.Ranunculus aquatilis,-0.354455969174502
Sp1.Node782,-0.354839758427753
Sp1.Node783,-0.354845552315963
Sp1.Pilosella flagellaris,-0.355761149159966
Sp1.Node328,-0.355806585538493
Sp1.Vulpia ciliata,-0.357437721695099
Sp1.Oxybasis urbica,-0.35808306837104
Sp1.Sedum anglicum,-0.358397641024969
Sp1.Sedum album,-0.358600584270902
Sp1.Node330,-0.358767777498562
Sp1.Node872,-0.359232360202109
Sp1.Phleum arenarium,-0.359719741567347
Sp1.Ranunculus peltatus,-0.36068941007229
Sp1.Node329,-0.360837234102685
Sp1.Sedum villosum,-0.361334916948004
Sp1.Vulpia myuros,-0.361670667188607
Sp1.Node643,-0.363342565856021
Sp1.Node654,-0.363486593527464
Sp1.Lepidium latifolium,-0.364014083464823
Sp1.Node525,-0.364382623008982
Sp1.Node865,-0.364478171023458
Sp1.Node39,-0.364641139958626
Sp1.Node714,-0.364952996783096
Sp1.Node781,-0.365016099248798
Sp1.Node838,-0.365295696951355
Sp1.Node1000,-0.365315285781864
Sp1.Node715,-0.365809532336455
Sp1.Node526,-0.365813441531164
Sp1.Node780,-0.366046349905735
Sp1.Ulex minor,-0.366401773284348
Sp1.Node713,-0.367063587681177
Sp1.Node845,-0.367217476643062
Sp1.Node38,-0.367394612341889
Sp1.Node779,-0.367459915596576
Sp1.Node99,-0.367589930390606
Sp1.Lepidium ruderale,-0.367972651896748
Sp1.Node839,-0.368220787915334
Sp1.Cornus suecica,-0.368729157790435
Sp1.Ranunculus circinatus,-0.368921073490247
Sp1.Orobanche artemisiae-campestris,-0.369195089353873
Sp1.Node655,-0.36926432068617
Sp1.Node527,-0.369617615474779
Sp1.Cornus sanguinea,-0.370402899303443
Sp1.Ranunculus penicillatus,-0.370683955837275
Sp1.Oxybasis glauca,-0.370749768854565
Sp1.Node579,-0.371514092866387
Sp1.Node239,-0.371919097270195
Sp1.Oxybasis chenopodioides,-0.372218187555454
Sp1.Node778,-0.372301454459292
Sp1.Ranunculus baudotii,-0.372358604930088
Sp1.Node238,-0.373473705831054
Sp1.Node876,-0.375132029704267
Sp1.Node700,-0.375248671773183
Sp1.Lepidium campestre,-0.375845631035605
Sp1.Node37,-0.376012861028051
Sp1.Silene otites,-0.376427064666741
Sp1.Node877,-0.376568048804172
Sp1.Lepidium coronopus,-0.376802198701164
Sp1.Lepidium heterophyllum,-0.378847532057219
Sp1.Phleum phleoides,-0.379000053185514
Sp1.Oxybasis rubra,-0.379302801541878
Sp1.Cerastium fontanum,-0.379535624359473
Sp1.Bromopsis erecta,-0.380000738353578
Sp1.Ranunculus tripartitus,-0.38065450454264
Sp1.Silene nutans,-0.380747918151586
Sp1.Ulex europaeus,-0.381025057489733
Sp1.Silene acaulis,-0.381809992813161
Sp1.Bromopsis ramosa,-0.382773552340437
Sp1.Ranunculus omiophyllus,-0.383844027956321
Sp1.Node840,-0.384144547976408
Sp1.Bromopsis benekenii,-0.384702528430527
Sp1.Sedum acre,-0.385489194230563
Sp1.Node1001,-0.385545349071392
Sp1.Chenopodiastrum hybridum,-0.385941323153838
Sp1.Chenopodiastrum murale,-0.386423713499996
Sp1.Node710,-0.386435170461146
Sp1.Node785,-0.386636270143941
Sp1.Phleum alpinum,-0.386958434307748
Sp1.Node784,-0.387027173318934
Sp1.Node777,-0.387676103515616
Sp1.Node98,-0.388730085814187
Sp1.Phleum bertolonii,-0.392416923034798
Sp1.Festuca rubra,-0.392805512421358
Sp1.Festuca arenaria,-0.392908502222887
Sp1.Node866,-0.393364847868277
Sp1.Node841,-0.393864835122703
Sp1.Node463,-0.395378841524321
Sp1.Node867,-0.395557830464705
Sp1.Phleum pratense,-0.395659155722842
Sp1.Node892,-0.396938677986718
Sp1.Polygonatum multiflorum,-0.397531255185863
Sp1.Festuca ovina,-0.397554446612124
Sp1.Chenopodium vulvaria,-0.398818014401779
Sp1.Orobanche rapum-genistae,-0.399327472875877
Sp1.Polygonatum odoratum,-0.399424989221152
Sp1.Node661,-0.399644838460797
Sp1.Node1045,-0.400667801972837
Sp1.Node529,-0.401068057712439
Sp1.Ranunculus hederaceus,-0.401225027888801
Sp1.Node528,-0.401252966811086
Sp1.Node619,-0.401375193741935
Sp1.Silene suecica,-0.402294617009518
Sp1.Node462,-0.402597749455966
Sp1.Node1046,-0.403481032646517
Sp1.Polygonatum verticillatum,-0.404008273527126
Sp1.Node848,-0.404440514360745
Sp1.Silene viscaria,-0.405400678010443
Sp1.Node868,-0.405786069993216
Sp1.Node461,-0.406516634090306
Sp1.Node530,-0.406640087603549
Sp1.Festuca filiformis,-0.40690224137915
Sp1.Node646,-0.407370947472499
Sp1.Festuca vivipara,-0.408518960890074
Sp1.Node869,-0.409059303963307
Sp1.Node711,-0.409247663184049
Sp1.Festuca lemanii,-0.409287573884427
Sp1.Orobanche elatior,-0.409288265023683
Sp1.Orobanche hederae,-0.409463732816254
Sp1.Node531,-0.40954164300417
Sp1.Node898,-0.411400413052004
Sp1.Orobanche alba,-0.411801008775954
Sp1.Node407,-0.413498087486649
Sp1.Node776,-0.415225149535975
Sp1.Orobanche reticulata,-0.416261341466956
Sp1.Node1035,-0.416322430880734
Sp1.Poa angustifolia,-0.417665573738262
Sp1.Chenopodium album,-0.418647832789125
Sp1.Node846,-0.418657846016078
Sp1.Node334,-0.420574311840795
Sp1.Orobanche caryophyllacea,-0.422180036977746
Sp1.Poa trivialis,-0.422944285641776
Sp1.Node712,-0.423134538977002
Sp1.Node847,-0.42449330022534
Sp1.Poa pratensis,-0.424532871678157
Sp1.Poa humilis,-0.424704180846654
Sp1.Node335,-0.425658429375428
Sp1.Poa flexuosa,-0.428172911943182
Sp1.Ranunculus sceleratus,-0.428250706961835
Sp1.Node849,-0.428845992716691
Sp1.Cerastium nigrescens,-0.429060630211035
Sp1.Node896,-0.43140079849012
Sp1.Hypochaeris maculata,-0.432246854420801
Sp1.Poa compressa,-0.433627463758745
Sp1.Node850,-0.433888002629727
Sp1.Node673,-0.433982433427807
Sp1.Cerastium arvense,-0.43410854435711
Sp1.Cerastium alpinum,-0.434641848647623
Sp1.Chenopodium ficifolium,-0.435338726072631
Sp1.Node672,-0.435463254547473
Sp1.Melica nutans,-0.436348966597961
Sp1.Poa nemoralis,-0.43668431078758
Sp1.Node851,-0.43730113997219
Sp1.Melica uniflora,-0.437790966752384
Sp1.Poa glauca,-0.438015783970253
Sp1.Node670,-0.439578458850738
Sp1.Node716,-0.440932222528494
Sp1.Cochlearia officinalis,-0.44334156409341
Sp1.Node574,-0.444371266554316
Sp1.Node52,-0.447006307581679
Sp1.Node999,-0.447291585324927
Sp1.Node671,-0.447459904230896
Sp1.Node1009,-0.447864157237198
Sp1.Node51,-0.448001767396738
Sp1.Cochlearia danica,-0.449484791348352
Sp1.Juncus alpinoarticulatus,-0.450366131189345
Sp1.Node1021,-0.45124262562937
Sp1.Juncus acutus,-0.451325717228214
Sp1.Juncus articulatus,-0.451583487470968
Sp1.Iris pseudacorus,-0.451976278624556
Sp1.Node1006,-0.452388217037829
Sp1.Node807,-0.452576374225431
Sp1.Node884,-0.452991920678449
Sp1.Node674,-0.453289853982811
Sp1.Cochlearia micacea,-0.454048639415662
Sp1.Node54,-0.454152650014244
Sp1.Cochlearia anglica,-0.454311787271759
Sp1.Juncus acutiflorus,-0.45438253045013
Sp1.Cochlearia pyrenaica,-0.454780687763581
Sp1.Node53,-0.454862904139718
Sp1.Hypericum elodes,-0.455267705244619
Sp1.Node722,-0.456432976501992
Sp1.Node1005,-0.457653102614148
Sp1.Node235,-0.459219195950324
Sp1.Cerastium diffusum,-0.460022938730986
Sp1.Cerastium pumilum,-0.460156078252962
Sp1.Node675,-0.460272922551014
Sp1.Node1047,-0.460873983945264
Sp1.Node998,-0.461843978891505
Sp1.Suaeda maritima,-0.462140573114868
Sp1.Node236,-0.463333548979766
Sp1.Node266,-0.463441376910405
Sp1.Suaeda vera,-0.464164496088585
Sp1.Node647,-0.467162818108596
Sp1.Node237,-0.46732072684688
Sp1.Node336,-0.467359251487806
Sp1.Node11,-0.467748848780316
Sp1.Node669,-0.468108548042691
Sp1.Juncus maritimus,-0.46857836492646
Sp1.Node683,-0.469667429615391
Sp1.Cerastium semidecandrum,-0.470148079229809
Sp1.Solanum americanum,-0.470215442980742
Sp1.Juncus trifidus,-0.470966855801289
Sp1.Genista anglica,-0.471757445069898
Sp1.Node648,-0.471874655384633
Sp1.Node12,-0.472370542690122
Sp1.Node649,-0.4727847192976
Sp1.Hypericum maculatum,-0.473327538901847
Sp1.Elatine hydropiper,-0.473763191413991
Sp1.Node308,-0.47414526608757
Sp1.Elatine hexandra,-0.47449605865353
Sp1.Genista tinctoria,-0.476676802714277
Sp1.Hypericum undulatum,-0.477908328834328
Sp1.Hypericum tetrapterum,-0.480691660826832
Sp1.Node13,-0.482137501990781
Sp1.Solanum dulcamara,-0.482282943495385
Sp1.Genista pilosa,-0.483387912526565
Sp1.Hypericum perforatum,-0.483620103784225
Sp1.Node775,-0.48370802779126
Sp1.Node274,-0.483730570570582
Sp1.Iris foetidissima,-0.483959571836567
Sp1.Node273,-0.48434239168858
Sp1.Node575,-0.485091021591447
Sp1.Juncus capitatus,-0.486146049834073
Sp1.Ranunculus auricomus,-0.487104502560241
Sp1.Node400,-0.48764014830215
Sp1.Node272,-0.489242300101201
Sp1.Node664,-0.49176674174288
Sp1.Node267,-0.492699229767338
Sp1.Node885,-0.495057682269609
Sp1.Node179,-0.497884128895614
Sp1.Node402,-0.498786591637118
Sp1.Node401,-0.4996179289976
Sp1.Node271,-0.50284231245755
Sp1.Node1004,-0.503353692444304
Sp1.Urtica dioica,-0.505866694815256
Sp1.Node270,-0.508602414306611
Sp1.Hypericum androsaemum,-0.510449135066695
Sp1.Node1003,-0.510563838732246
Sp1.Node178,-0.51106101244414
Sp1.Thlaspi arvense,-0.515160959390084
Sp1.Arenaria norvegica,-0.515508024147505
Sp1.Node342,-0.515558644217489
Sp1.Node268,-0.515816206848061
Sp1.Hypericum montanum,-0.516353949130287
Sp1.Urtica urens,-0.516938597055637
Sp1.Node343,-0.520167329604046
Sp1.Node665,-0.521456440077921
Sp1.Juncus subnodulosus,-0.521640807505604
Sp1.Arenaria serpyllifolia,-0.521773066842355
Sp1.Node15,-0.522740059046639
Sp1.Node269,-0.523598765585254
Sp1.Node684,-0.523818625922396
Sp1.Cerastium glomeratum,-0.524667184565077
Sp1.Node14,-0.526129067203855
Sp1.Node620,-0.527203232933008
Sp1.Node344,-0.527207631833178
Sp1.Hypericum hirsutum,-0.527945096091952
Sp1.Node360,-0.528189726017472
Sp1.Node1043,-0.528523591205748
Sp1.Hypericum humifusum,-0.528818622495469
Sp1.Ranunculus reptans,-0.530548454721539
Sp1.Ranunculus flammula,-0.531196026461041
Sp1.Node187,-0.53181566835798
Sp1.Thlaspi caerulescens,-0.532017784452281
Sp1.Node409,-0.532759946621781
Sp1.Node1002,-0.533544669256099
Sp1.Thlaspi perfoliatum,-0.533575917299945
Sp1.Lysimachia europaea,-0.53399629993052
Sp1.Node774,-0.534782882171393
Sp1.Hypericum pulchrum,-0.534922763535016
Sp1.Node773,-0.535412054465079
Sp1.Inula helenium,-0.536160895070646
Sp1.Ranunculus lingua,-0.536177833090636
Sp1.Crepis praemorsa,-0.537560328077633
Sp1.Galium saxatile,-0.538013963123202
Sp1.Node766,-0.539232712395141
Sp1.Galium sterneri,-0.539314765806231
Sp1.Node16,-0.539373309760545
Sp1.Node668,-0.539610412840367
Sp1.Tripleurospermum maritimum,-0.540445279024667
Sp1.Node362,-0.540540421469131
Sp1.Tripleurospermum inodorum,-0.540981199600011
Sp1.Cerastium cerastoides,-0.541611646235475
Sp1.Crepis foetida,-0.542092485022864
Sp1.Node621,-0.542527606062235
Sp1.Node411,-0.54300103568207
Sp1.Crepis mollis,-0.543767225541931
Sp1.Node345,-0.544928047719178
Sp1.Node340,-0.545084539106856
Sp1.Cyperus longus,-0.545719565163365
Sp1.Node412,-0.546098352844335
Sp1.Node341,-0.546135840844224
Sp1.Node410,-0.546730430017083
Sp1.Node339,-0.546790155744574
Sp1.Node983,-0.547825912166018
Sp1.Eleocharis palustris,-0.548019036483939
Sp1.Node403,-0.548107748878939
Sp1.Myosotis stolonifera,-0.548230621709643
Sp1.Node985,-0.548604098667191
Sp1.Node599,-0.549392309026043
Sp1.Node413,-0.549695946729329
Sp1.Myosotis secunda,-0.550241380521688
Sp1.Juncus bulbosus,-0.551914920926523
Sp1.Node984,-0.55223274772066
Sp1.Node358,-0.55242959603204
Sp1.Node598,-0.55267675028648
Sp1.Utricularia minor,-0.55377772098638
Sp1.Crepis paludosa,-0.554402517869552
Sp1.Node538,-0.554654408800209
Sp1.Node537,-0.554777016411925
Sp1.Node536,-0.554847154712494
Sp1.Arabidopsis lyrata,-0.555479812952063
Sp1.Lysimachia maritima,-0.55578788626267
Sp1.Inula conyzae,-0.556076178220421
Sp1.Lactuca muralis,-0.558750644447955
Sp1.Crepis capillaris,-0.558859371176057
Sp1.Node767,-0.55902399473378
Sp1.Node383,-0.559991547017874
Sp1.Sagina saginoides,-0.560376404971525
Sp1.Crepis biennis,-0.56053420831536
Sp1.Cyperus fuscus,-0.56063174302195
Sp1.Utricularia stygia,-0.561200869105057
Sp1.Node404,-0.562152094983922
Sp1.Node612,-0.562241379960508
Sp1.Myosotis scorpioides,-0.562278316347137
Sp1.Sagina procumbens,-0.563176109007924
Sp1.Myosotis laxa,-0.563507468027008
Sp1.Galium pumilum,-0.564348071653068
Sp1.Arabis alpina,-0.564463022165565
Sp1.Utricularia intermedia,-0.566274054318329
Sp1.Lactuca alpina,-0.566594542006999
Sp1.Node686,-0.566790509951834
Sp1.Node627,-0.56831749237278
Sp1.Node613,-0.568328075616057
Sp1.Node23,-0.568751040359487
Sp1.Node622,-0.569499702106559
Sp1.Node625,-0.569522311084637
Sp1.Node695,-0.569994925253739
Sp1.Node24,-0.570705486796066
Sp1.Node623,-0.571158104774091
Sp1.Node1036,-0.572777030163567
Sp1.Lysimachia vulgaris,-0.572942166304225
Sp1.Carex otrubae,-0.574312744665285
Sp1.Lactuca saligna,-0.575090028156964
Sp1.Lysimachia nummularia,-0.575622395604392
Sp1.Lactuca serriola,-0.575955616948371
Sp1.Node667,-0.576287215577011
Sp1.Stellaria aquatica,-0.576409866250186
Sp1.Node626,-0.57653510657941
Sp1.Node406,-0.577126421524574
Sp1.Node760,-0.577522501804938
Sp1.Node611,-0.577677661970187
Sp1.Node405,-0.578039634713617
Sp1.Node25,-0.579084140721039
Sp1.Node539,-0.57950111910488
Sp1.Utricularia australis,-0.579675344582558
Sp1.Utricularia vulgaris,-0.579885555160557
Sp1.Node886,-0.580513150276854
Sp1.Node694,-0.580934472638696
Sp1.Lysimachia thyrsiflora,-0.581446341723867
Sp1.Node597,-0.581869187195616
Sp1.Lactuca virosa,-0.581924740808118
Sp1.Carex divulsa,-0.582845846665788
Sp1.Sagina subulata,-0.584671630635493
Sp1.Node676,-0.586167444037643
Sp1.Node666,-0.586186102577066
Sp1.Node971,-0.586794763759427
Sp1.Arabis scabra,-0.587660136440798
Sp1.Lysimachia arvensis,-0.588102284814961
Sp1.Node761,-0.58909487206981
Sp1.Lysimachia nemorum,-0.589596536157093
Sp1.Carex muricata,-0.589633671628347
Sp1.Node972,-0.589693899224786
Sp1.Node970,-0.589829420877016
Sp1.Bidens cernua,-0.589941178962133
Sp1.Carex spicata,-0.590034507464102
Sp1.Node982,-0.590428242845293
Sp1.Node26,-0.591340296704853
Sp1.Node986,-0.591770451206329
Sp1.Node361,-0.593136487657935
Sp1.Bidens tripartita,-0.593668156062296
Sp1.Carex canescens,-0.594112178612602
Sp1.Isolepis cernua,-0.595193941173579
Sp1.Galium parisiense,-0.595269572712994
Sp1.Carex lachenalii,-0.595469423909194
Sp1.Node987,-0.596366789868436
Sp1.Carex dioica,-0.596693654389336
Sp1.Carex diandra,-0.597785628336175
Sp1.Isolepis fluitans,-0.598383389492097
Sp1.Node899,-0.598883392259187
Sp1.Carex vulpina,-0.60082579548686
Sp1.Arabis hirsuta,-0.602274079865624
Sp1.Stellaria holostea,-0.602290198560295
Sp1.Carex paniculata,-0.605009687679282
Sp1.Node967,-0.605166745316938
Sp1.Lysimachia minima,-0.605724476811862
Sp1.Node693,-0.607114596803471
Sp1.Node624,-0.607651814213655
Sp1.Node966,-0.608829816634201
Sp1.Lysimachia tenella,-0.609059004116402
Sp1.Node965,-0.609923991473651
Sp1.Node690,-0.611387415750442
Sp1.Node692,-0.611430283711801
Sp1.Carex appropinquata,-0.611813413700501
Sp1.Node991,-0.615014564908784
Sp1.Node762,-0.615076400074177
Sp1.Node901,-0.616578067633868
Sp1.Node968,-0.616679325479656
Sp1.Node990,-0.61677609353663
Sp1.Node969,-0.617247108496892
Sp1.Carex echinata,-0.617499222008979
Sp1.Node399,-0.617794346641897
Sp1.Galium uliginosum,-0.617916964540394
Sp1.Isolepis setacea,-0.618682004468319
Sp1.Sagina nodosa,-0.618876259548703
Sp1.Pulicaria vulgaris,-0.618987286854579
Sp1.Anemone nemorosa,-0.619190441439257
Sp1.Node964,-0.619703384957855
Sp1.Pulicaria dysenterica,-0.620444505980585
Sp1.Node687,-0.621323196174176
Sp1.Herniaria glabra,-0.621400246080926
Sp1.Node973,-0.621727406600432
Sp1.Node699,-0.621766803539411
Sp1.Salicornia disarticulata,-0.621897902967354
Sp1.Herniaria ciliolata,-0.622075298850345
Sp1.Carex davalliana,-0.622140614005131
Sp1.Node721,-0.622154547160234
Sp1.Node719,-0.622332182644005
Sp1.Salicornia nitens,-0.622421661864459
Sp1.Node720,-0.622493691452068
Sp1.Salicornia ramosissima,-0.622580786748073
Sp1.Salicornia europaea,-0.622717619513068
Sp1.Node590,-0.623451718938093
Sp1.Node992,-0.623866276938474
Sp1.Sabulina stricta,-0.62430021784665
Sp1.Node591,-0.624511625845133
Sp1.Node594,-0.625297257725443
Sp1.Eleocharis quinqueflora,-0.625385774788261
Sp1.Node576,-0.627810465075715
Sp1.Node1044,-0.628144888105589
Sp1.Asparagus prostratus,-0.628257499761119
Sp1.Sagina nivalis,-0.628411039585339
Sp1.Asparagus officinalis,-0.628477192174445
Sp1.Node717,-0.629085656980639
Sp1.Eleocharis uniglumis,-0.629175095232958
Sp1.Node900,-0.62923459664885
Sp1.Node959,-0.630283411676081
Sp1.Node610,-0.630998353090645
Sp1.Node331,-0.631295548410887
Sp1.Node768,-0.631812617983017
Sp1.Node763,-0.632103881869989
Sp1.Carex remota,-0.633106833664406
Sp1.Node595,-0.633253221273237
Sp1.Carex elongata,-0.636154942194484
Sp1.Scleranthus annuus,-0.636281568498864
Sp1.Myosotis alpestris,-0.636330863981233
Sp1.Node677,-0.636833129153193
Sp1.Prunus domestica,-0.636988629620008
Sp1.Node685,-0.637134197787959
Sp1.Anemone pulsatilla,-0.637261852084596
Sp1.Sagina maritima,-0.637633712893116
Sp1.Scleranthus perennis,-0.637937751425713
Sp1.Node691,-0.637966950284165
Sp1.Jacobaea aquatica,-0.6380475827612
Sp1.Node993,-0.63807044567207
Sp1.Myriophyllum verticillatum,-0.638286309406866
Sp1.Spartina maritima,-0.638712295621782
Sp1.Node897,-0.638765612944774
Sp1.Jacobaea vulgaris,-0.639189085647567
Sp1.Ranunculus arvensis,-0.639228833417563
Sp1.Node177,-0.639402383078625
Sp1.Spartina anglica,-0.639465780079377
Sp1.Node332,-0.639512153125692
Sp1.Salicornia emerici,-0.639639691232527
Sp1.Node396,-0.63968894736878
Sp1.Myriophyllum alterniflorum,-0.639821128745386
Sp1.Node718,-0.639891472765668
Sp1.Salicornia dolichostachya,-0.63990424498771
Sp1.Eleocharis acicularis,-0.640179988964086
Sp1.Prunus spinosa,-0.640354454206044
Sp1.Node963,-0.64054540370432
Sp1.Node770,-0.640975333787931
Sp1.Node592,-0.641480976534538
Sp1.Node593,-0.641547241373596
Sp1.Juncus biglumis,-0.641990567125318
Sp1.Node1008,-0.643256143354632
Sp1.Juncus triglumis,-0.643599763284959
Sp1.Node1007,-0.643750339618816
Sp1.Node678,-0.64383969191778
Sp1.Eleocharis multicaulis,-0.644032448793719
Sp1.Node994,-0.645941112713171
Sp1.Galium odoratum,-0.646238459499878
Sp1.Myriophyllum spicatum,-0.647402480005268
Sp1.Node27,-0.647930065524808
Sp1.Juncus castaneus,-0.648079700811195
Sp1.Node608,-0.648241573537858
Sp1.Galium aparine,-0.649562376121934
Sp1.Erigeron acris,-0.651193340877539
Sp1.Node359,-0.651298143200958
Sp1.Erigeron borealis,-0.651439680113038
Sp1.Node606,-0.651488103997795
Sp1.Ranunculus acris,-0.652970017024771
Sp1.Node769,-0.653021053237733
Sp1.Ranunculus parviflorus,-0.6533490938274
Sp1.Sagina apetala,-0.653927818802997
Sp1.Node641,-0.655920818799198
Sp1.Eleocharis mamillata,-0.658026953775906
Sp1.Node995,-0.658036353901669
Sp1.Galium tricornutum,-0.65809709987429
Sp1.Eleocharis parvula,-0.658143400481423
Sp1.Node962,-0.658953423372744
Sp1.Pyrola rotundifolia,-0.659116734283573
Sp1.Stellaria uliginosa,-0.659513958026721
Sp1.Node957,-0.659778984939782
Sp1.Node958,-0.659784437647649
Sp1.Node956,-0.659883052771311
Sp1.Node961,-0.660017917191079
Sp1.Node960,-0.660198583244624
Sp1.Node600,-0.664728077419846
Sp1.Node395,-0.664781265348446
Sp1.Node346,-0.665487151300136
Sp1.Node353,-0.665715752185748
Sp1.Node337,-0.667008158524942
Sp1.Carex divisa,-0.669195249540262
Sp1.Node391,-0.671731610103953
Sp1.Ranunculus sardous,-0.672710158878342
Sp1.Stellaria graminea,-0.673422659637751
Sp1.Node679,-0.674074736680314
Sp1.Node609,-0.674138439594956
Sp1.Galium boreale,-0.67507335552417
Sp1.Node662,-0.67593900881057
Sp1.Node771,-0.677599475885111
Sp1.Dianthus gratianopolitanus,-0.678087832741076
Sp1.Myosotis ramosissima,-0.678284590033453
Sp1.Node174,-0.678466446256247
Sp1.Node394,-0.678780576962323
Sp1.Carex arenaria,-0.679534724478675
Sp1.Myosotis discolor,-0.680192437669359
Sp1.Node28,-0.680360501529436
Sp1.Draba aizoides,-0.680781265256791
Sp1.Node604,-0.68160355190441
Sp1.Node175,-0.682100603000465
Sp1.Stellaria palustris,-0.683249354314404
Sp1.Node772,-0.684332306381983
Sp1.Dianthus deltoides,-0.685428180490569
Sp1.Prunus padus,-0.685564238737221
Sp1.Node680,-0.685621623775114
Sp1.Node393,-0.686869581803128
Sp1.Ranunculus repens,-0.687059614533839
Sp1.Ranunculus bulbosus,-0.688424842052182
Sp1.Node663,-0.688428773780383
Sp1.Node688,-0.688556327366912
Sp1.Jacobaea erucifolia,-0.689066330604941
Sp1.Node352,-0.68916689106269
Sp1.Carex leporina,-0.689271008029415
Sp1.Node347,-0.689328800089751
Sp1.Stellaria nemorum,-0.689836852875786
Sp1.Node338,-0.690820026263551
Sp1.Ribes alpinum,-0.690938188255227
Sp1.Node348,-0.691036084095955
Sp1.Node974,-0.691073694366849
Sp1.Node325,-0.691158472244472
Sp1.Dianthus armeria,-0.691254188920926
Sp1.Sabulina tenuifolia,-0.69244908433836
Sp1.Carex disticha,-0.692672830323823
Sp1.Node144,-0.695079782908127
Sp1.Pyrola minor,-0.695910192355609
Sp1.Node349,-0.696048536700588
Sp1.Node642,-0.697560379759129
Sp1.Carex maritima,-0.697701986307653
Sp1.Node996,-0.698474497484412
Sp1.Pyrola media,-0.698526447402727
Sp1.Node786,-0.699146716881067
Sp1.Node602,-0.699298576220269
Sp1.Jacobaea paludosa,-0.69939642983895
Sp1.Tanacetum vulgare,-0.699540771959104
Sp1.Node17,-0.700475060988865
Sp1.Rhynchospora fusca,-0.701329671057756
Sp1.Tanacetum parthenium,-0.7018770113943
Sp1.Node596,-0.702966596190095
Sp1.Galium verum,-0.704309443774354
Sp1.Rhynchospora alba,-0.704500416982732
Sp1.Helleborus foetidus,-0.705542302867004
Sp1.Achillea maritima,-0.706012568848117
Sp1.Galium mollugo,-0.706941000862928
Sp1.Tephroseris integrifolia,-0.708491529436711
Sp1.Ribes rubrum,-0.708751072270823
Sp1.Ribes spicatum,-0.708897556222544
Sp1.Node601,-0.708932778755387
Sp1.Node176,-0.708970186005749
Sp1.Galium palustre,-0.709005748059228
Sp1.Galium debile,-0.709006959120111
Sp1.Anthemis arvensis,-0.709217698578562
Sp1.Node326,-0.709357368998106
Sp1.Helleborus viridis,-0.709626120072462
Sp1.Node350,-0.709870508236612
Sp1.Draba incana,-0.710204392791706
Sp1.Anthemis cotula,-0.710392236292812
Sp1.Node351,-0.710920558838475
Sp1.Achillea ptarmica,-0.710978206334402
Sp1.Node605,-0.711084628149538
Sp1.Draba norvegica,-0.711203139535514
Sp1.Sabulina rubella,-0.711513444419928
Sp1.Node29,-0.711608602105819
Sp1.Node603,-0.712328026086237
Sp1.Blysmus compressus,-0.712842772980913
Sp1.Allium ursinum,-0.712914889577822
Sp1.Node392,-0.713245284941203
Sp1.Cynoglossum germanicum,-0.71325441666223
Sp1.Node1037,-0.713407982582949
Sp1.Tephroseris palustris,-0.713666522210873
Sp1.Coincya wrightii,-0.713803880678199
Sp1.Node22,-0.713961434753741
Sp1.Node607,-0.71398689638146
Sp1.Myosotis sylvatica,-0.714184918195679
Sp1.Myosotis arvensis,-0.714216668613122
Sp1.Achillea millefolium,-0.71483963107728
Sp1.Node681,-0.716192672131761
Sp1.Node682,-0.716759556632563
Sp1.Coincya monensis,-0.716901498524205
Sp1.Node689,-0.71693712144473
Sp1.Sinapis alba,-0.717790429381541
Sp1.Cynoglossum officinale,-0.718730668817039
Sp1.Stellaria neglecta,-0.718847269791806
Sp1.Sabulina verna,-0.718884346728049
Sp1.Sinapis arvensis,-0.720914742060031
Sp1.Stellaria pallida,-0.722014720091535
Sp1.Prunus avium,-0.722397015319659
Sp1.Prunus cerasus,-0.722557635184075
Sp1.Stellaria media,-0.723376680155042
Sp1.Node18,-0.723856073354463
Sp1.Node21,-0.723876295842683
Sp1.Node19,-0.723992041617391
Sp1.Blysmus rufus,-0.727278350844712
Sp1.Node30,-0.727439720834276
Sp1.Node903,-0.728198155426775
Sp1.Node354,-0.728875935686733
Sp1.Cuscuta europaea,-0.729182932786229
Sp1.Artemisia maritima,-0.729232652520303
Sp1.Erophila majuscula,-0.729751569317488
Sp1.Brassica nigra,-0.730170122758798
Sp1.Node31,-0.731119169216911
Sp1.Node902,-0.731225114805164
Sp1.Node578,-0.73212556993041
Sp1.Node997,-0.732393190707553
Sp1.Artemisia campestris,-0.734182198616602
Sp1.Carex elata,-0.734565866259123
Sp1.Node20,-0.734995915395169
Sp1.Node357,-0.735134559691615
Sp1.Cuscuta epithymum,-0.735792812368703
Sp1.Node356,-0.736077040438409
Sp1.Node355,-0.736132665124497
Sp1.Node577,-0.736356904092904
Sp1.Erophila glabrescens,-0.736363379638439
Sp1.Node916,-0.736482528249025
Sp1.Artemisia absinthium,-0.736529047379625
Sp1.Carex nigra,-0.736765758860229
Sp1.Carex bigelowii,-0.736876759563626
Sp1.Schoenus ferrugineus,-0.736958099689962
Sp1.Node915,-0.73702858248526
Sp1.Calystegia sepium,-0.737145810510407
Sp1.Artemisia norvegica,-0.737385829207379
Sp1.Brassica oleracea,-0.738102995324557
Sp1.Erophila verna,-0.738328539310461
Sp1.Brassica rapa,-0.738506047911717
Sp1.Artemisia vulgaris,-0.739569287613323
Sp1.Node908,-0.740267860839222
Sp1.Schoenus nigricans,-0.74130912738697
Sp1.Senecio sylvaticus,-0.74222023702039
Sp1.Node397,-0.744293907402472
Sp1.Node617,-0.745622545478443
Sp1.Carex aquatilis,-0.746302541441558
Sp1.Node907,-0.747454696285718
Sp1.Node906,-0.747555954293852
Sp1.Carex recta,-0.750554032868086
Sp1.Echium plantagineum,-0.750602046640918
Sp1.Senecio cambrensis,-0.750983989785347
Sp1.Node614,-0.751208463694787
Sp1.Node398,-0.751234580853421
Sp1.Senecio vulgaris,-0.751380880322503
Sp1.Calystegia soldanella,-0.751657688284333
Sp1.Node975,-0.752260676343765
Sp1.Node914,-0.754013766807493
Sp1.Node904,-0.754760995429907
Sp1.Carex acuta,-0.755099087568155
Sp1.Node913,-0.755529953811142
Sp1.Echium vulgare,-0.756194663611344
Sp1.Node912,-0.756536566864594
Sp1.Node976,-0.757153181009779
Sp1.Carex salina,-0.758398494738132
Sp1.Node977,-0.759196728561219
Sp1.Node147,-0.76225241968999
Sp1.Crataegus monogyna,-0.762412494504468
Sp1.Crataegus laevigata,-0.762663359754645
Sp1.Node905,-0.762985840232609
Sp1.Trichophorum alpinum,-0.763120658076469
Sp1.Node1038,-0.764120297675175
Sp1.Node911,-0.766269604697012
Sp1.Node981,-0.769107036627846
Sp1.Node1042,-0.769351554015594
Sp1.Carex simpliciuscula,-0.770191049252873
Sp1.Carex chordorrhiza,-0.770191802393123
Sp1.Carex microglochin,-0.770210591136021
Sp1.Carex lasiocarpa,-0.770230458208684
Sp1.Node955,-0.770507759755884
Sp1.Trichophorum cespitosum,-0.770674733373764
Sp1.Allium oleraceum,-0.771793961135162
Sp1.Carex rupestris,-0.774692909429298
Sp1.Carex pauciflora,-0.7755748645729
Sp1.Carex vesicaria,-0.776740124937939
Sp1.Allium schoenoprasum,-0.777474955143753
Sp1.Pulmonaria obscura,-0.778310639278501
Sp1.Node909,-0.779025743799642
Sp1.Carex pulicaris,-0.780154900586287
Sp1.Node615,-0.780390709310884
Sp1.Carex saxatilis,-0.781366641922742
Sp1.Node937,-0.7835424632681
Sp1.Pulmonaria longifolia,-0.78603526051567
Sp1.Carex rostrata,-0.787400543939048
Sp1.Carex hostiana,-0.787529030873852
Sp1.Carex flava,-0.788658710137406
Sp1.Carex viridula,-0.789020045087464
Sp1.Node931,-0.792030741642986
Sp1.Node930,-0.792115411507639
Sp1.Node936,-0.792745339381074
Sp1.Symphytum tuberosum,-0.802685779809393
Sp1.Node616,-0.8028700569758
Sp1.Carex riparia,-0.803018234981878
Sp1.Symphytum officinale,-0.803058886050042
Sp1.Node933,-0.804983801595945
Sp1.Node934,-0.805230117805553
Sp1.Carex punctata,-0.807016645476977
Sp1.Node935,-0.807111732116534
Sp1.Carex binervis,-0.807844188529253
Sp1.Carex pseudocyperus,-0.808090952141086
Sp1.Carex hirta,-0.808857004079313
Sp1.Carex distans,-0.811015398324671
Sp1.Node927,-0.814053362320199
Sp1.Ulmus minor,-0.815103656740579
Sp1.Node182,-0.815304636131601
Sp1.Node181,-0.815354316702791
Sp1.Ulmus glabra,-0.815428872496625
Sp1.Ulmus plotii,-0.81552117429653
Sp1.Carex extensa,-0.815808910108072
Sp1.Node910,-0.816812568325445
Sp1.Node180,-0.818397930817
Sp1.Carex laevigata,-0.818886743783203
Sp1.Ulmus procera,-0.81913591484165
Sp1.Node928,-0.823314072132495
Sp1.Node926,-0.824858506205562
Sp1.Node1039,-0.825393526061797
Sp1.Node925,-0.826660464991138
Sp1.Carex acutiformis,-0.82981472904548
Sp1.Allium vineale,-0.831699212817473
Sp1.Node1040,-0.835117401369934
Sp1.Node384,-0.836839018046883
Sp1.Node917,-0.837982880331053
Sp1.Node932,-0.838370111228079
Sp1.Node929,-0.838615411146892
Sp1.Node923,-0.841333345808716
Sp1.Node924,-0.841429035415193
Sp1.Node1041,-0.842426083013931
Sp1.Node922,-0.843721414576368
Sp1.Allium scorodoprasum,-0.844900364569429
Sp1.Node920,-0.846298934122937
Sp1.Node921,-0.846427445319042
Sp1.Node919,-0.847629603831787
Sp1.Node385,-0.849420506254816
Sp1.Node389,-0.849982185852103
Sp1.Node390,-0.851408853564159
Sp1.Node918,-0.85319125311757
Sp1.Allium sphaerocephalon,-0.85331241883921
Sp1.Omalotheca sylvatica,-0.853662609037469
Sp1.Node938,-0.853683611490373
Sp1.Logfia gallica,-0.853973697151918
Sp1.Node386,-0.854966521342927
Sp1.Allium ampeloprasum,-0.855349076505472
Sp1.Node890,-0.855394878202749
Sp1.Node891,-0.857251944960975
Sp1.Brachypodium rupestre,-0.858177200747304
Sp1.Brachypodium pinnatum,-0.858482910463001
Sp1.Brachypodium sylvaticum,-0.85945468149781
Sp1.Carex strigosa,-0.861144737970346
Sp1.Carex sylvatica,-0.862558097268102
Sp1.Filago lutescens,-0.863356432388875
Sp1.Carex capillaris,-0.864159269182363
Sp1.Logfia minima,-0.864163355204136
Sp1.Filago pyramidata,-0.864315230965818
Sp1.Carex atrofusca,-0.86469925730379
Sp1.Omalotheca norvegica,-0.865045179261523
Sp1.Node387,-0.866413643508968
Sp1.Node388,-0.866724126297898
Sp1.Carex pallescens,-0.867431347365129
Sp1.Filago germanica,-0.867868387894652
Sp1.Node953,-0.867964762356274
Sp1.Omalotheca supina,-0.869872628177477
Sp1.Carex pendula,-0.870979534987371
Sp1.Node952,-0.871127494074246
Sp1.Node939,-0.871231878440489
Sp1.Node954,-0.87645838753637
Sp1.Carex rariflora,-0.880070103803823
Sp1.Carex magellanica,-0.880433429708874
Sp1.Carex limosa,-0.882503509025126
Sp1.Node978,-0.885083833472842
Sp1.Eriophorum gracile,-0.890173067749928
Sp1.Carex montana,-0.890382748534384
Sp1.Carex filiformis,-0.896439358117248
Sp1.Node887,-0.896962860211652
Sp1.Eriophorum latifolium,-0.89932515538934
Sp1.Node889,-0.899686582310049
Sp1.Node979,-0.899916899169733
Sp1.Node980,-0.900291600392782
Sp1.Node888,-0.900512088785165
Sp1.Eriophorum angustifolium,-0.900799396001474
Sp1.Bromus hordeaceus,-0.900951055586765
Sp1.Bromus racemosus,-0.900971612360249
Sp1.Bromus secalinus,-0.90111861912859
Sp1.Bromus interruptus,-0.901184590591611
Sp1.Carex pilulifera,-0.90655051275584
Sp1.Eriophorum vaginatum,-0.907206448207823
Sp1.Node764,-0.915508925289974
Sp1.Thalictrum minus,-0.917462331201246
Sp1.Node951,-0.918353200389065
Sp1.Carex ericetorum,-0.920759063198313
Sp1.Thalictrum flavum,-0.92122506985494
Sp1.Node765,-0.921834437666122
Sp1.Carex humilis,-0.92293195341116
Sp1.Node940,-0.924147384731404
Sp1.Node941,-0.924319560971258
Sp1.Node942,-0.927694779026142
Sp1.Node948,-0.928037866472266
Sp1.Node417,-0.928203457296541
Sp1.Node416,-0.928304253571941
Sp1.Node423,-0.931058420461318
Sp1.Node943,-0.932441107611752
Sp1.Node949,-0.934506436718629
Sp1.Node946,-0.934675262898982
Sp1.Thalictrum alpinum,-0.935663472632416
Sp1.Node422,-0.943457082126444
Sp1.Node950,-0.945355384658989
Sp1.Carex digitata,-0.945385309856086
Sp1.Carex ornithopoda,-0.945929376233927
Sp1.Node947,-0.946028767334205
Sp1.Phyteuma spicatum,-0.946719865099792
Sp1.Carex depauperata,-0.947836823691174
Sp1.Carex flacca,-0.947982097878101
Sp1.Carex vaginata,-0.948195244966623
Sp1.Phyteuma orbiculare,-0.949750568091667
Sp1.Carex caryophyllea,-0.952219977876607
Sp1.Node944,-0.953415821232189
Sp1.Carex buxbaumii,-0.956042022560836
Sp1.Node420,-0.956604183553144
Sp1.Luzula forsteri,-0.958730867667414
Sp1.Luzula pilosa,-0.959679765180853
Sp1.Carex panicea,-0.961731989612535
Sp1.Node1028,-0.962324781054468
Sp1.Node945,-0.963496710118797
Sp1.Carex norvegica,-0.964995904286184
Sp1.Carex atrata,-0.968890501083312
Sp1.Campanula rotundifolia,-0.969397333973158
Sp1.Node145,-0.98002953072494
Sp1.Node146,-0.982868325940625
Sp1.Node1022,-1.00601525391337
Sp1.Node1023,-1.01002343201098
Sp1.Node173,-1.0115706377422
Sp1.Pyrus communis,-1.01349952983775
Sp1.Node421,-1.01447590188435
Sp1.Pyrus cordata,-1.01581409976936
Sp1.Campanula patula,-1.01740536493858
Sp1.Campanula rapunculus,-1.02106172424831
Sp1.Luzula arcuata,-1.03430019914058
Sp1.Node188,-1.03491641252444
Sp1.Node189,-1.03493656839593
Sp1.Node190,-1.03541357212174
Sp1.Node118,-1.04145543625451
Sp1.Node1024,-1.04670358360278
Sp1.Node1025,-1.0548454897704
Sp1.Luzula sylvatica,-1.05565591278485
Sp1.Luzula spicata,-1.0620601796551
Sp1.Aphanes arvensis,-1.06265698818804
Sp1.Node130,-1.06481678939055
Sp1.Aphanes australis,-1.06597233876927
Sp1.Node424,-1.0763670217897
Sp1.Luzula multiflora,-1.07663567342134
Sp1.Luzula pallescens,-1.07697938535052
Sp1.Node1026,-1.07725510493646
Sp1.Node1027,-1.0774035022719
Sp1.Luzula campestris,-1.0784601558648
Sp1.Node418,-1.08256654989733
Sp1.Node419,-1.08890591569852
Sp1.Campanula glomerata,-1.091689810793
Sp1.Campanula latifolia,-1.09576670195946
Sp1.Campanula trachelium,-1.09775928689208
Sp1.Node425,-1.13601113410242
Sp1.Viburnum opulus,-1.15657265546573
Sp1.Node119,-1.1614156174775
Sp1.Node427,-1.16563309669923
Sp1.Alchemilla conjuncta,-1.16770496203428
Sp1.Node129,-1.16875496177054
Sp1.Alchemilla alpina,-1.16907237829988
Sp1.Viburnum lantana,-1.17413211913052
Sp1.Sambucus nigra,-1.17424959933371
Sp1.Sambucus ebulus,-1.1749015771678
Sp1.Node426,-1.17826503189018
Sp1.Node148,-1.19474387864263
Sp1.Node165,-1.20367880121179
Sp1.Node120,-1.2086133554079
Sp1.Alchemilla micans,-1.21129556971789
Sp1.Sorbus domestica,-1.21625785291388
Sp1.Node121,-1.21653053353726
Sp1.Node122,-1.21713327991657
Sp1.Node123,-1.21732289187
Sp1.Node124,-1.21803635099395
Sp1.Alchemilla wichurae,-1.2184210913638
Sp1.Alchemilla glabra,-1.21969967915696
Sp1.Node128,-1.22229563368984
Sp1.Node125,-1.22345649972285
Sp1.Node127,-1.22388640846587
Sp1.Node126,-1.22397389963149
Sp1.Alchemilla monticola,-1.22450738058037
Sp1.Alchemilla glomerulans,-1.22451850884609
Sp1.Alchemilla subcrenata,-1.22484036575388
Sp1.Alchemilla filicaulis,-1.22504923949951
Sp1.Alchemilla glaucescens,-1.22667889592647
Sp1.Alchemilla acutiloba,-1.22825722225163
Sp1.Alchemilla xanthochlora,-1.23189397129994
Sp1.Sorbus minima,-1.24139602645047
Sp1.Sorbus leyana,-1.24169258450992
Sp1.Node172,-1.24222364672344
Sp1.Sorbus bristoliensis,-1.24469604880274
Sp1.Node167,-1.24483006988094
Sp1.Node166,-1.2448373863202
Sp1.Sorbus pseudofennica,-1.24496880797525
Sp1.Node191,-1.24579705382007
Sp1.Sorbus aucuparia,-1.24654520908496
Sp1.Node169,-1.24875329654481
Sp1.Node168,-1.24894382765493
Sp1.Node170,-1.24920910344493
Sp1.Node171,-1.24948158391869
Sp1.Sorbus pseudomeinichii,-1.24953224993427
Sp1.Sorbus anglica,-1.24956054350674
Sp1.Node150,-1.24990616847989
Sp1.Sorbus arranensis,-1.25018117419237
Sp1.Sorbus cuneifolia,-1.25032467133393
Sp1.Sorbus torminalis,-1.25036134688347
Sp1.Sorbus admonitor,-1.25073753845353
Sp1.Sorbus devoniensis,-1.25078233188009
Sp1.Node151,-1.25101847353773
Sp1.Node152,-1.25105183054353
Sp1.Node192,-1.25477670637949
Sp1.Node428,-1.25544916660055
Sp1.Node149,-1.2573228203296
Sp1.Ornithopus perpusillus,-1.25775382022074
Sp1.Ornithopus pinnatus,-1.26064419362531
Sp1.Node153,-1.26169789751035
Sp1.Sorbus cambrensis,-1.26373754104092
Sp1.Dipsacus fullonum,-1.26963544567201
Sp1.Ervilia hirsuta,-1.27335719265029
Sp1.Node429,-1.27381341393474
Sp1.Dipsacus pilosus,-1.2774336723402
Sp1.Ervilia sylvatica,-1.2877779483273
Sp1.Node193,-1.28846128686104
Sp1.Node240,-1.29020518177246
Sp1.Node249,-1.29234310186925
Sp1.Sorbus rupicola,-1.29345874165197
Sp1.Sorbus aria,-1.29468463704035
Sp1.Sorbus eminentiformis,-1.2978256723488
Sp1.Node194,-1.30084427907396
Sp1.Node163,-1.30096442419033
Sp1.Node162,-1.30148341845857
Sp1.Sorbus eminens,-1.30167295048093
Sp1.Node154,-1.30215775299512
Sp1.Node155,-1.3021684266056
Sp1.Node159,-1.30223006127127
Sp1.Node161,-1.30230364468474
Sp1.Node156,-1.30232431789232
Sp1.Node158,-1.30236458172635
Sp1.Node157,-1.30269555524272
Sp1.Node160,-1.30273744611072
Sp1.Sorbus lancastriensis,-1.30391782001528
Sp1.Sorbus cheddarensis,-1.30411450638782
Sp1.Node241,-1.30478775534203
Sp1.Sorbus eminentoides,-1.30487264225361
Sp1.Sorbus vexans,-1.30937367613402
Sp1.Node164,-1.30957458001021
Sp1.Sorbus hibernica,-1.30975318455927
Sp1.Node242,-1.3098350931113
Sp1.Sorbus margaretae,-1.3105622104381
Sp1.Sorbus leighensis,-1.31073413081728
Sp1.Sorbus wilmottiana,-1.31098498801465
Sp1.Lotus angustissimus,-1.31222519275894
Sp1.Node243,-1.31352269537898
Sp1.Vicia lutea,-1.31657482931076
Sp1.Ervum tetraspermum,-1.31760072801021
Sp1.Node244,-1.318796858791
Sp1.Node248,-1.32005203002319
Sp1.Node245,-1.32082150724057
Sp1.Vicia cracca,-1.32135926812292
Sp1.Node246,-1.32293293965454
Sp1.Vicia lathyroides,-1.3242020734094
Sp1.Vicia orobus,-1.32668568995238
Sp1.Vicia sativa,-1.32767095099834
Sp1.Node196,-1.32881065727649
Sp1.Lotus pedunculatus,-1.32894533241911
Sp1.Lotus subbiflorus,-1.32928507177616
Sp1.Lotus corniculatus,-1.33063331613154
Sp1.Node247,-1.33110092213476
Sp1.Lotus glaber,-1.33290567787402
Sp1.Node195,-1.33342854661035
Sp1.Ervum gracile,-1.33451772546137
Sp1.Vicia bithynica,-1.33555594835519
Sp1.Vicia sepium,-1.34101501452996
Sp1.Node430,-1.36119210877764
Sp1.Node197,-1.36778391906678
Sp1.Node431,-1.37078334429773
Sp1.Valeriana officinalis,-1.37826880599722
Sp1.Valeriana dioica,-1.38794874387439
Sp1.Node432,-1.38921060786093
Sp1.Node436,-1.39286985973168
Sp1.Node433,-1.39347432179064
Sp1.Valerianella carinata,-1.39373076648761
Sp1.Valerianella locusta,-1.39374729381905
Sp1.Valerianella rimosa,-1.41441704378636
Sp1.Node434,-1.41624365093582
Sp1.Valerianella dentata,-1.42410805144492
Sp1.Node435,-1.42445886044159
Sp1.Valerianella eriocarpa,-1.42446864775313
Sp1.Eryngium campestre,-1.43169322725915
Sp1.Eryngium maritimum,-1.43655938458137
Sp1.Node460,-1.43754928338778
Sp1.Node198,-1.45819866801327
Sp1.Astragalus alpinus,-1.46103109393669
Sp1.Astragalus danicus,-1.46844349875331
Sp1.Node200,-1.47217627398208
Sp1.Oxytropis halleri,-1.47594046446648
Sp1.Node199,-1.47839879554205
Sp1.Node201,-1.47844640813733
Sp1.Oxytropis campestris,-1.47879418741508
Sp1.Astragalus glycyphyllos,-1.48687225086074
Sp1.Bupleurum tenuissimum,-1.48726201286438
Sp1.Node459,-1.48747092800458
Sp1.Bupleurum rotundifolium,-1.49523467856917
Sp1.Node458,-1.50121220687187
Sp1.Node437,-1.50977145966408
Sp1.Bupleurum baldense,-1.52313682896214
Sp1.Node438,-1.67360599321388
Sp1.Node439,-1.67513696915934
Sp1.Anthriscus sylvestris,-1.67548607973014
Sp1.Node445,-1.67876470112037
Sp1.Node448,-1.6837741236972
Sp1.Node447,-1.68613692901588
Sp1.Torilis japonica,-1.68708497985593
Sp1.Torilis nodosa,-1.69056178355048
Sp1.Node446,-1.69389278104004
Sp1.Anthriscus caucalis,-1.69492254191148
Sp1.Torilis arvensis,-1.69587974804606
Sp1.Node440,-1.69682429922398
Sp1.Sison amomum,-1.69968710507203
Sp1.Sison segetum,-1.70594984104111
Sp1.Node441,-1.71726114499009
Sp1.Node449,-1.71924761580371
Sp1.Node443,-1.72561586517225
Sp1.Node442,-1.74091751000562
Sp1.Pimpinella major,-1.74171064704749
Sp1.Peucedanum officinale,-1.74200427771181
Sp1.Node444,-1.74527021359612
Sp1.Peucedanum ostruthium,-1.74908986188963
Sp1.Pimpinella saxifraga,-1.74922382872271
Sp1.Node203,-1.77060945062137
Sp1.Node202,-1.77063451398577
Sp1.Node450,-1.77856349664521
Sp1.Helosciadium nodiflorum,-1.78239044827939
Sp1.Node451,-1.78332132255256
Sp1.Ononis reclinata,-1.78450836115403
Sp1.Helosciadium repens,-1.78551460346482
Sp1.Helosciadium inundatum,-1.78846285843153
Sp1.Node233,-1.78879744311525
Sp1.Node204,-1.79043780991166
Sp1.Lathyrus pratensis,-1.79761698351485
Sp1.Ononis spinosa,-1.80089370412242
Sp1.Ononis repens,-1.80105630423151
Sp1.Node234,-1.80128862370191
Sp1.Lathyrus nissolia,-1.80305276632658
Sp1.Node208,-1.80826646705798
Sp1.Node205,-1.80830447107124
Sp1.Node206,-1.80916544466857
Sp1.Lathyrus sylvestris,-1.80927598424306
Sp1.Node207,-1.81233710974522
Sp1.Lathyrus aphaca,-1.81778273161401
Sp1.Node209,-1.81877213092635
Sp1.Node232,-1.82061591172323
Sp1.Medicago arabica,-1.82075073901372
Sp1.Medicago lupulina,-1.82090520557417
Sp1.Node229,-1.82259899176374
Sp1.Lathyrus japonicus,-1.82334640992206
Sp1.Node230,-1.82336871914806
Sp1.Medicago sativa,-1.82552956788376
Sp1.Node210,-1.82633950807532
Sp1.Medicago polymorpha,-1.82671606519871
Sp1.Node231,-1.82745508378539
Sp1.Lathyrus palustris,-1.83065173577512
Sp1.Medicago minima,-1.83461292379074
Sp1.Lathyrus linifolius,-1.83753306090086
Sp1.Trifolium strictum,-1.84216634687179
Sp1.Node211,-1.85452193576841
Sp1.Node454,-1.85958083768846
Sp1.Node452,-1.86028263165245
Sp1.Oenanthe fluviatilis,-1.86152269758611
Sp1.Node453,-1.86173093313379
Sp1.Node456,-1.86235451549483
Sp1.Oenanthe aquatica,-1.86241679324786
Sp1.Oenanthe fistulosa,-1.86260317102478
Sp1.Oenanthe silaifolia,-1.86646611720726
Sp1.Node457,-1.86657045287392
Sp1.Node212,-1.87101663322192
Sp1.Oenanthe pimpinelloides,-1.87277902196821
Sp1.Node455,-1.88073722526847
Sp1.Oenanthe lachenalii,-1.88079502698786
Sp1.Oenanthe crocata,-1.88083577262518
Sp1.Trifolium micranthum,-1.89347091962571
Sp1.Node227,-1.89365383366218
Sp1.Trifolium dubium,-1.89643457367933
Sp1.Trifolium campestre,-1.8966618706624
Sp1.Node213,-1.89666932029872
Sp1.Node228,-1.89672574534076
Sp1.Node215,-1.899795651986
Sp1.Trifolium ornithopodioides,-1.90174987872569
Sp1.Node214,-1.90193719440037
Sp1.Trifolium subterraneum,-1.90291540765958
Sp1.Trifolium striatum,-1.90336484357888
Sp1.Trifolium squamosum,-1.90463683643984
Sp1.Node218,-1.90550758173556
Sp1.Node216,-1.90566263867048
Sp1.Node223,-1.90572872114375
Sp1.Node220,-1.9059615166696
Sp1.Node219,-1.90600924095789
Sp1.Node222,-1.90689556886962
Sp1.Node217,-1.90698627137447
Sp1.Trifolium medium,-1.90781250360938
Sp1.Node221,-1.90804399305453
Sp1.Trifolium pratense,-1.90894778239851
Sp1.Trifolium fragiferum,-1.90904393253462
Sp1.Node224,-1.91008625840939
Sp1.Node225,-1.91098591328477
Sp1.Trifolium bocconei,-1.91136324966056
Sp1.Node226,-1.91169681068524
Sp1.Trifolium ochroleucon,-1.91254643284056
Sp1.Trifolium scabrum,-1.91354077545744
Sp1.Trifolium arvense,-1.91361140396849
Sp1.Trifolium occidentale,-1.9139324604465
Sp1.Trifolium repens,-1.91586149653122
Sp1.Trifolium suffocatum,-1.91598516563694
Sp1.Trifolium glomeratum,-1.91620617248014
